01a58228-3140-4359-accc-44373ebe26fd	Smart-seq2
031d123c-a654-495a-ab64-f3388bb0be89	Smart-seq2
04320a10-df31-4db1-97db-387cce4b2444	Smart-seq2
05082402-8da9-4f98-a5f9-e94a4961612c	Smart-seq2
054bf5ab-705a-45a2-b797-8f52c5f2dba7	Smart-seq2
05522c4e-6b18-44e1-8e58-f5349c99150b	Smart-seq2
0578d52e-49b7-4fb6-ac80-23575d6629af	Smart-seq2
06ffda2c-4763-433c-9b99-1f8f3c476e12	Smart-seq2
07df8dfd-193a-4c70-ad18-b481fe9428a3	Smart-seq2
082e9014-0be8-44d2-bf19-3ed757b5bc37	Smart-seq2
096f23cd-a925-4356-9726-77b4121030f8	Smart-seq2
0a08ec86-2d30-455a-9e6a-847dcdd56f5e	Smart-seq2
0c600ed4-367f-494a-8a55-6c7fec767d93	Smart-seq2
0cab59c9-71d4-45c0-890d-8a936c71e4b3	Smart-seq2
0cb44787-37c4-4eed-9462-542530aac832	Smart-seq2
0de0a918-8846-47b1-91a0-bcadc8fac827	Smart-seq2
10e0882e-e5df-4570-b633-a10c6d3e2c25	Smart-seq2
11fe092f-6eb6-4abc-9731-fb9392638053	Smart-seq2
11fe1d95-b1f3-4408-aa2f-cba5953022e3	Smart-seq2
130cc598-7ee4-452f-b7c5-a549608651da	Smart-seq2
137198b3-07bc-40a1-93f7-c692add072ea	Smart-seq2
14534f66-a7c1-45a4-98d5-1d9a6bf4f2df	Smart-seq2
1484b8b8-0595-45fb-bd14-c681f3b366a5	Smart-seq2
17869151-b5b4-4f1d-b3c2-23ab79315766	Smart-seq2
191ff770-40bf-4dd9-a199-5fc08a1bfe34	Smart-seq2
1d4557cc-1db4-466e-b4b3-2c59663209ea	Smart-seq2
1d55bb03-7880-4d75-b515-1f02f3e357a2	Smart-seq2
1f22202e-58c8-496a-b2ec-f4a0d2e9b99a	Smart-seq2
1f32cee4-7db9-4ba4-b577-12a6c53fc6f6	Smart-seq2
1fb9fec6-ecc2-47bc-b60b-fc94388f561c	Smart-seq2
1fbe0a62-640d-4417-80a5-bcd43b4baa48	Smart-seq2
23415a91-0319-4a54-a20b-53e65010a379	Smart-seq2
25524c1d-a162-464b-8d4c-d80cbdd87baf	Smart-seq2
273eb9ee-4a60-4016-bf2a-33ffa92dcdda	Smart-seq2
27e953dc-78ba-419d-8329-2521f8d0a717	Smart-seq2
28612efd-6e52-45fc-91ed-459fb568d398	Smart-seq2
2b752159-0170-4ed4-b8d0-315ed2e68614	Smart-seq2
2b8e61fc-111a-4c29-b239-d1f615820136	Smart-seq2
2bc2db99-9b1c-4f78-9104-914ba255858e	Smart-seq2
2d785ce5-54ce-4b35-9765-2c96fb992c92	Smart-seq2
31191864-1610-4d69-b582-19fb68586ecd	Smart-seq2
334bfd4f-f722-46ce-8a00-ef1ea8e03f1c	Smart-seq2
33ecf2f2-fa66-4d06-8b6c-07c60b305b97	Smart-seq2
351d5ada-9f4b-45f1-b794-6539f8f436ba	Smart-seq2
356c6568-14fe-417e-be4a-7a66d5e5b396	Smart-seq2
381cb2e2-5d46-4d27-aad0-f6ae0dccc758	Smart-seq2
3c43761e-7475-4149-81b6-c3f6ec8b941f	Smart-seq2
3ca61254-76b2-49de-8cdf-56daaf05fb6c	Smart-seq2
3ce9d716-de0d-4d6f-ad39-e9bf6ea2c3b9	Smart-seq2
3e3ba5f6-1c84-496e-8654-2b28b9370189	Smart-seq2
3e3ed4e8-e10c-4441-b6fc-ed72073e1fc0	Smart-seq2
3e951e39-ecaf-4fff-89be-0dab6a57f397	Smart-seq2
3f1b4b42-e4f9-4ea6-8de2-f8073d0fb962	Smart-seq2
3fd1a4c7-b87a-4718-ae06-138c9b87366a	Smart-seq2
4226e92a-643d-481b-b42c-ad3639f18975	Smart-seq2
4268e881-430b-4eff-ac54-f9392b135b0f	Smart-seq2
42df7800-751f-4bc1-b5c6-3517322ff2bd	Smart-seq2
4373e21a-907b-47ae-a300-2caa68815f5a	Smart-seq2
4426466c-afcd-499d-9f3e-9a6e5590f7d9	Smart-seq2
475457ff-1d44-40c5-8d8f-1b2fe2ef66c8	Smart-seq2
488858e6-d113-4b21-b856-2ca01fddb78e	Smart-seq2
4a411f35-ebf3-4326-b712-9e8afb4b472e	Smart-seq2
4b13fa5d-21bc-44c4-b18a-2db0399a9ad1	Smart-seq2
4b6e30e9-89df-4054-9b17-4c72161d974d	Smart-seq2
4bd36224-47b0-4c9d-a0f7-44408d553288	Smart-seq2
4ccc1b88-8fd6-425b-8aae-f6549777c63e	Smart-seq2
4cccd41a-38b2-49c0-81e3-b192cee027d6	Smart-seq2
4ea6ab21-c762-4a6d-bcec-ad7e5f78a0c0	Smart-seq2
4f318c6a-1e18-465e-9758-faa960bb0916	Smart-seq2
4fd8ff4a-ea66-4414-a879-a453fe27c5a4	Smart-seq2
5036d296-1f52-4aa2-8596-a07db1915b7a	Smart-seq2
532c1f29-a287-430b-b2a9-bbf3bea71745	Smart-seq2
5406e0e4-daca-4a75-8160-17910bb342b8	Smart-seq2
56029b1c-3eb6-4087-8653-9f263e212342	Smart-seq2
563714a8-7095-43c3-bfe3-290759859326	Smart-seq2
58c373f5-3f8c-4602-a6bd-2d36ab1af788	Smart-seq2
5918e509-9c05-41ca-be4f-fa70952ecefe	Smart-seq2
5bc973c4-ec34-4575-9280-96bc6e90cb9c	Smart-seq2
5bf06b2e-f72c-48b2-84cc-afe5234318b6	Smart-seq2
5d2a4eaf-9fec-4bc1-8bf4-64a61ef78419	Smart-seq2
61c38de6-9aaf-4fe7-97ed-6bbcc4717a01	Smart-seq2
62136c37-7ac3-4fd2-9685-b2e0bb771de0	Smart-seq2
638a1b79-898c-431b-b9ee-dbd1347db491	Smart-seq2
6492925f-2e1c-45d0-92b1-e2e8223d7235	Smart-seq2
67a88397-01bc-4de6-b620-0bbfeae53196	Smart-seq2
6a294c26-eac5-4822-86af-8f3839aed028	Smart-seq2
6b841966-5390-407f-a5bf-f536a6d1c1be	Smart-seq2
6ca6ff83-01ec-4d7d-b846-eab6c291f4d1	Smart-seq2
6ed7947a-e5f7-4df6-870f-934465ca5bd5	Smart-seq2
71878246-9d5a-4a39-898f-1c693ec60f3f	Smart-seq2
71f9ff18-4b5c-4ffe-a010-81c3a4ff31d1	Smart-seq2
72bb3926-e78a-4bc2-9a9f-d381ebaa7534	Smart-seq2
74836564-d462-488c-b885-6f8371515092	Smart-seq2
75d72733-b774-4634-abbe-7a8a1666569e	Smart-seq2
787331e0-acb4-4235-9067-193e8e11f564	Smart-seq2
78ecd99d-88da-4e2f-b14c-25fd523648dc	Smart-seq2
7a63c514-f7af-41c4-ae2d-4477dbf2cdd8	Smart-seq2
7c1d3ff1-7138-41b5-907b-c4f964ff836d	Smart-seq2
7d631c94-3569-4be7-9d37-d02608cc3687	Smart-seq2
7e2be7c8-eda0-41ad-b7a3-68d5d18b8143	Smart-seq2
808d2535-c75f-4e6c-b48a-48e988af8504	Smart-seq2
80ba965a-0a24-48ae-883d-bed824d15bb4	Smart-seq2
81279e06-b9bf-417d-82b4-9b982ad8f1e3	Smart-seq2
817bdd79-7fcb-4850-a71d-efad3df62188	Smart-seq2
843addd5-2394-4b10-b784-896bec08925a	Smart-seq2
84dc7abe-a6d4-4eaa-b669-d60e83563b75	Smart-seq2
87fdf071-1b21-4e61-b041-382566073b8f	Smart-seq2
88a79756-96d0-46cf-aaad-deb6fd634a2f	Smart-seq2
8bbce731-b56d-44c2-ac38-f0abd9bf56bc	Smart-seq2
8f7a94e3-c784-482f-8e94-437cbf42288c	Smart-seq2
93af7306-e4c7-4ef9-a998-adf749adbf98	Smart-seq2
93b8f151-7d8b-418b-8221-cb8dbb48ee5f	Smart-seq2
964f5050-fb5c-4e07-8cdd-38c692196bab	Smart-seq2
9671ea96-c8ed-4ba3-89b5-eeb3ac36460b	Smart-seq2
973aac62-6489-428d-be22-6ee878729429	Smart-seq2
9829bf77-5eb8-45dd-9b85-259c61494efc	Smart-seq2
997cc992-b473-4ebf-9883-fa19504a49eb	Smart-seq2
99a36c2e-cda5-4fda-837e-29aed95452c3	Smart-seq2
9a182d7a-8a63-4613-93e4-7ee75c522f69	Smart-seq2
9b13570f-bdc8-46ca-a889-83debff03fb8	Smart-seq2
9b92a3f6-4656-42ab-bd28-1fa62e4e680e	Smart-seq2
9c84ed63-f7e5-4876-9baa-4e590a0443f5	Smart-seq2
9d181566-65fd-49a9-9cc8-f20f9bdd533b	Smart-seq2
a110e694-872c-466d-b146-d01769e36448	Smart-seq2
a1bf3e60-1e38-4047-a218-64776fbdca29	Smart-seq2
a42e16fe-25e8-4009-8bdd-de779d96d25e	Smart-seq2
a5c2f569-1dfa-4bcf-a669-2b53e6dd4e8a	Smart-seq2
a6fbbea9-4c56-4327-b162-b4565b0b5157	Smart-seq2
a85a6927-b174-4bc2-85c7-4a5955a2b4b9	Smart-seq2
a9530cdc-2c0c-4e10-bdd9-646aabb0d0c0	Smart-seq2
ad25254e-5cce-4874-a091-f8f8d814fcd0	Smart-seq2
ad9f615a-d2f2-4e72-a591-ba94a74e7ca6	Smart-seq2
ade6acec-fe51-4bb9-a8d0-370f0a2a097f	Smart-seq2
afe24290-0d2d-4b47-a624-e1d688afbaf4	Smart-seq2
b0fa48ba-958f-42c4-9e95-ab1cf72ba3e3	Smart-seq2
b11932ec-107d-4d9b-96ba-ff0ac2ef9a9c	Smart-seq2
b11f9d55-c4c7-4ccb-9337-aaaa1b5bd70e	Smart-seq2
b1440c53-e807-4d82-95ef-c7dd52a65f16	Smart-seq2
b16d9e68-e142-4b34-acfa-50854018eb2b	Smart-seq2
b1713f8e-0265-40dd-a378-525dd2a05719	Smart-seq2
b18a6158-06b5-40c1-82be-01f2d31c2b9e	Smart-seq2
b2015556-721d-4788-979f-506d1774998e	Smart-seq2
b9b3e8d7-d52e-4887-831c-e1275b69b153	Smart-seq2
ba621fc0-dda5-4c8c-8956-8b321c92f056	Smart-seq2
bb6f52c7-ad17-4a4b-9e62-de1158010317	Smart-seq2
bbb11cbb-2e2f-47cd-98ce-c05e0b34012a	Smart-seq2
bbc41980-17d4-4120-bcc8-d24782bf6e19	Smart-seq2
bcaf1740-3ea8-4591-8138-a4240eabfbe0	Smart-seq2
bede97b6-64fa-4656-b2d6-0421ec9aedaf	Smart-seq2
bef13f67-8b3f-459c-8397-fa88413f9dcf	Smart-seq2
bf74d598-398a-44ba-9427-62a13401b544	Smart-seq2
c2248a05-55a9-42b8-844c-f463d7ad4771	Smart-seq2
c415a8ea-7ab1-427d-a6a9-3599c8fc8851	Smart-seq2
c50d5aac-e613-41a0-a2a6-ad0cdf8fdf82	Smart-seq2
c7702d56-93fe-4094-aa6b-29412c969705	Smart-seq2
c7ad38d6-91ef-4870-a728-827e9cf7aad2	Smart-seq2
c8286cf6-00c7-41e9-83fc-6e308ab8024f	Smart-seq2
c8e151fa-bbbf-40d9-85e7-e0b88438e667	Smart-seq2
c9c68e06-257e-4bfb-bc27-c4256c0db098	Smart-seq2
cbfa7825-81df-4d94-b8aa-08669bc958b8	Smart-seq2
cc69a4cd-5507-4dd9-98b6-df9d264a98d4	Smart-seq2
cd61d928-80f9-4799-b7d9-384b7cbd74d6	Smart-seq2
cda5871a-93a3-45f8-ad7b-72a3e19bb004	Smart-seq2
ced1567f-1eee-4902-9d17-73d1ef9867ca	Smart-seq2
d1639fd1-e4e5-4322-85a0-9249c9807310	Smart-seq2
d1670b37-b580-4eb1-a347-7b220aab069d	Smart-seq2
d4ab8f44-fdc3-4d83-835f-6dcdd03e1318	Smart-seq2
d5099454-9eb2-4ce0-b371-71dcd1eb5f1c	Smart-seq2
d5d4827a-365e-4ba1-b508-507368e82250	Smart-seq2
d7516f15-2d42-49da-b7d2-37ed1cdbe232	Smart-seq2
d799d9d8-98cb-4c30-a737-01e19115d681	Smart-seq2
d9b1c3c7-0e19-428f-a799-bd0020ac09ce	Smart-seq2
db03085c-1957-4fb3-857c-d218b151d30a	Smart-seq2
dbd6d94f-c759-4e5e-9e40-e404c63b32ae	Smart-seq2
de6aa601-bff5-4648-8c1b-2401dfc70d64	Smart-seq2
dea8a35b-f588-44f1-8f69-c7129a8f7dc9	Smart-seq2
dfb5f33e-fda2-45f9-be30-30974c544ff5	Smart-seq2
dfcf4077-5a53-4cac-9352-b1fdb37ea91b	Smart-seq2
e06ce3f3-1cd9-4b2d-8ef5-92d7916926a6	Smart-seq2
e073f7bf-16bb-4a64-bd19-e2739831bda9	Smart-seq2
e10c9b08-e768-44a3-b1c9-2d11f3bad3e7	Smart-seq2
e171a09b-f65d-4818-ba05-4dabfda758af	Smart-seq2
e1e0fe69-ecf2-4ce8-a972-ad1cb05e8962	Smart-seq2
e4fb1ab9-2df5-45f7-abe7-8270d56a7a69	Smart-seq2
e8d7b3dd-5daf-4085-bdca-ac9a1ef850d3	Smart-seq2
ea11986c-3920-4560-bac1-fe208929e620	Smart-seq2
ea3ee8fa-8df0-4590-afe3-bc2cc8f6f88b	Smart-seq2
ec9c03a7-89d9-42ad-ba65-c25b29d897fa	Smart-seq2
ecac426d-9dfa-4e50-bd50-392e0f4ef8d1	Smart-seq2
ee16950c-41d8-42fb-bea6-b692dee1ee36	Smart-seq2
ee5161bd-51c5-4fda-bef1-5958b9c28874	Smart-seq2
ee7adb4c-cdeb-4841-9832-3b0699ee9d66	Smart-seq2
eed50289-a6e1-4b7c-b0f4-ec0f4d07aa73	Smart-seq2
ef3ecf68-446b-42c4-ad23-e07ba07ecc9f	Smart-seq2
f1153904-9f47-40b8-8415-1e4e678a76b2	Smart-seq2
f3b5e419-f106-4788-9b41-ae54921d0d53	Smart-seq2
f43adfb7-063b-4500-8346-c47c9697204e	Smart-seq2
f4e618da-1a1b-437f-8582-bcced2f87ef7	Smart-seq2
f686d919-b071-4ea3-a099-4cc5314a06ec	Smart-seq2
f77ba4ad-57d9-4d41-b604-5cadee9dcfd2	Smart-seq2
f9075a5d-9ff9-4015-a29a-ba2b239b1b89	Smart-seq2
f9f34313-ed0c-426f-9065-a1a10e5f4260	Smart-seq2
fe5a07bf-6d13-4cea-8711-f30094284f93	Smart-seq2
fee3d049-a0a2-485c-a3e1-76fb715e4e2b	Smart-seq2
ff8ee7d2-7e6a-4acc-9598-b97e1a231949	Smart-seq2
012e0b78-0ca3-49a4-9ee7-c224753c1280	Smart-seq2
0261d82e-82e2-44ee-9736-c533d81a8861	Smart-seq2
02bee4f3-f885-4764-8e93-06ecda6fba2b	Smart-seq2
03a0dc40-47cd-4300-ba05-7c751f8a0555	Smart-seq2
056d8492-f30c-4dbc-9ae4-b06a3cce4917	Smart-seq2
05eab3af-2179-413b-a1c9-63e822209dfd	Smart-seq2
07651ac0-5961-4698-a5e3-6486567ac13a	Smart-seq2
076c08c2-ad4b-4be0-bc8e-7befe2339df9	Smart-seq2
08d7c549-f9f4-431d-839e-5f242615c865	Smart-seq2
0a908691-fbe0-475d-8400-244f322dfeba	Smart-seq2
0af933a4-1e71-4934-8da7-7d6a7cb3612d	Smart-seq2
0b426f18-41b9-4ba3-8ff1-64c0268724db	Smart-seq2
0cedc629-2841-4295-a043-8e0482ec5b42	Smart-seq2
0d1a5929-a445-45ae-a986-7fc50308ba24	Smart-seq2
0da82c8e-0364-4017-911a-31eff55528f6	Smart-seq2
0efe20c6-274f-4c40-bb64-dfb5339ebd3f	Smart-seq2
0f2751d9-fa75-4149-9a78-af88b829cf16	Smart-seq2
12b6a727-8299-4444-8a6f-562194038e37	Smart-seq2
12bd208f-6136-4785-895e-2d9e9502fcc8	Smart-seq2
1751c7a2-3bec-40eb-b90e-74ba3ba754bf	Smart-seq2
18392338-746b-4062-9d62-23fb374078a4	Smart-seq2
18d573b9-c917-4458-a447-80b30eaeb377	Smart-seq2
18f83428-01e8-472a-854a-a20e2d2789d6	Smart-seq2
19091ef3-b0ed-417b-8353-afb683456afc	Smart-seq2
1998ab29-90b7-411f-a498-f8033abe573b	Smart-seq2
19a79111-5b77-468d-bda5-15c40eba4728	Smart-seq2
1e2e1a5a-faf4-4005-889e-d863b1edf0b2	Smart-seq2
1e84b641-4f18-4c4a-a5e0-b04063876fd6	Smart-seq2
20a5d94a-1fe8-45ec-b227-f848a9997321	Smart-seq2
20d9ee21-5c91-4f82-8649-a56b2d8fdd32	Smart-seq2
210362a7-a597-4f62-be8b-b58c71881b31	Smart-seq2
26197693-4955-4c7b-afb9-f1abbf02d5f1	Smart-seq2
26aedb3b-6f87-4ac8-8a0c-0279d63907e2	Smart-seq2
26b45279-8c68-4123-ad5f-97c86b78bb53	Smart-seq2
273abf46-aba8-4245-8209-4462365a6449	Smart-seq2
276d17a2-c906-4687-aada-ebf5585dbc70	Smart-seq2
2893a658-bfe1-4aae-ac0f-ff45f7a2fd5e	Smart-seq2
28edb108-5515-492c-abe5-d7d9b72eee02	Smart-seq2
29fde9da-5527-498f-a02d-bc334251bc5f	Smart-seq2
2b3521f0-dc19-4165-91b9-5ff4a4844635	Smart-seq2
2c160dbf-742e-4cae-8e15-377732b29ff3	Smart-seq2
2c585129-21b4-4bf9-a859-17fbfbb2ba92	Smart-seq2
2cdc16a8-db5a-4ea0-88e2-fb87c0b0ead9	Smart-seq2
2d0a4651-92e8-4888-b7ff-34784f250be4	Smart-seq2
2d611b33-0df2-4735-a527-fdacbf8d046d	Smart-seq2
2f748fb8-736f-49fc-b3d0-5b63235aaaf8	Smart-seq2
2fdbeaec-ff43-4de9-9a30-a8b2d43b7de5	Smart-seq2
3219c9b0-2930-4271-b798-ee5b941a3978	Smart-seq2
32205191-b67c-4a0a-a48e-98ae0abc71ac	Smart-seq2
34cbe1f1-24bd-4823-aa5f-b6af64e1a1f2	Smart-seq2
361ce471-ea85-42c2-8684-c6bf74519bd4	Smart-seq2
37bd8f35-2a60-4fc1-93b1-0f5e5e41203c	Smart-seq2
3a1e7956-4f8d-4fda-b393-59c79a4eea7a	Smart-seq2
3a36cd7f-b8e5-4b79-899b-2d5aa711a05b	Smart-seq2
3a54141c-4fb1-4e21-8b71-ff0a2fd03049	Smart-seq2
3b8a27d4-5f99-4838-a94c-9d59da6a949b	Smart-seq2
3c3e7421-0434-4fcd-818d-a8d23662c3eb	Smart-seq2
3cf0d8a4-9fd9-47cc-adac-fca60b043094	Smart-seq2
3d21488e-1017-492d-8d24-032559b1da44	Smart-seq2
3db10404-aa34-483c-baeb-aa1fc8833976	Smart-seq2
3f115ce2-e90c-48df-adb5-f71523b7e6e6	Smart-seq2
401824e3-5aea-4774-8617-d96b4c73a8bc	Smart-seq2
417c0d7c-6044-46f3-8f9f-6b90c006d221	Smart-seq2
41a02f26-c4a8-4ce5-bdf3-63bd289a8a92	Smart-seq2
41a12bcc-82b6-4c5e-8cb7-a258147f2136	Smart-seq2
42b7b7fe-8d47-4ca0-8d37-8b9b2c1440ef	Smart-seq2
4432111a-1896-4fb9-867b-d09273c764b2	Smart-seq2
4627e1cd-55bf-4619-9e98-42767f6b026b	Smart-seq2
47e53b39-72c8-4735-a0fa-333c71ef5fa7	Smart-seq2
49f5dd03-f4be-4b96-99b4-6b1a54c3e368	Smart-seq2
4aa56267-7a3f-49ba-93c0-d64383813bdd	Smart-seq2
4ab1c647-3924-410f-b537-fc2401ed2a80	Smart-seq2
4afcf0f1-f512-4232-b448-6db638a90f1e	Smart-seq2
4b53330a-b579-4a04-9847-f35169fc6fe1	Smart-seq2
4c273384-ac40-451f-87ea-85f842f870ec	Smart-seq2
4e07956e-554b-49e2-b76d-ea992ff22142	Smart-seq2
4eefe2a9-7f09-4327-add4-ba54327f89ad	Smart-seq2
50964a48-59e9-4ebb-806f-7788695fd6df	Smart-seq2
517b75d0-4ad6-41dd-8825-ddda0d6d6133	Smart-seq2
519fcd33-aca3-4ab6-b4b8-64141a37a1d1	Smart-seq2
52835f1b-1949-4e05-ab25-cf34d398b40e	Smart-seq2
5373a7a4-aad0-4d4a-8f8e-8d77eb896444	Smart-seq2
552a31cc-1017-4311-bbc7-e0123eca3a01	Smart-seq2
5540eba1-4da6-4649-be5c-7233470b5af1	Smart-seq2
558d0562-694e-4f75-bf30-a6be1b25fa4a	Smart-seq2
5a92638b-e8cc-4fdc-b1ff-e4dcb120ab9d	Smart-seq2
5afacddf-98c7-4688-ba84-4db84751956d	Smart-seq2
5cdc5b30-65aa-45ff-8f88-5a310d782cd7	Smart-seq2
5e08e941-1bb9-4026-b3e8-01001e0888ed	Smart-seq2
5f1c4abf-4590-4241-adfd-9dd418a12bea	Smart-seq2
60cd6509-de55-4118-a901-9bb77d08f6ea	Smart-seq2
61249a83-2aea-490c-bb9b-94b1a7f24d12	Smart-seq2
616b5350-b807-43ee-bda1-2865af9587b3	Smart-seq2
63510139-4ee9-4881-abc2-c57372e32968	Smart-seq2
63695135-42ca-4132-a19a-0b6fd39b2840	Smart-seq2
64246e26-7868-4a6f-a6f2-3e6516a58628	Smart-seq2
67960535-8199-4f16-82c0-a54de3cacc0f	Smart-seq2
6911511a-0afa-4551-8857-fa0af293dc9f	Smart-seq2
6991c3cf-f645-4a59-925d-30e48f3abc31	Smart-seq2
6a5f6525-5e0b-408d-8734-c9001d109609	Smart-seq2
6d6fd9cb-14f5-4db2-b7b9-d02c3a5ee8d6	Smart-seq2
6d9690d0-c0a4-4f2c-a706-3ff1e40d25da	Smart-seq2
6ea9d35d-52f9-4084-9f66-d87847b44306	Smart-seq2
6ed8190d-575c-4ebe-8c15-844dd0165ba9	Smart-seq2
6f4957f6-faed-4737-a3ed-730e58635078	Smart-seq2
6f5ae4f4-6b96-4e53-a544-11dbae16f2c8	Smart-seq2
6f7d9543-8dad-4e74-a090-5ef612d15f39	Smart-seq2
6fa6b58b-c634-4109-ae6d-450c935bf26d	Smart-seq2
6ffcdd08-3750-4d29-b5e4-2339a3954cdd	Smart-seq2
70a4c31c-b5c8-4acf-9eb1-14f938226a01	Smart-seq2
737ddfb9-e50b-4607-b779-e435cef35eb7	Smart-seq2
74926dc7-3246-474a-b637-250aab20fa47	Smart-seq2
75a7de62-e0b7-410c-a65f-e5133784c89f	Smart-seq2
78758bc9-9d6d-49ba-8c04-8426dfd7c91e	Smart-seq2
7afc9938-e696-417e-88e2-cae60d7808a3	Smart-seq2
7b3c100a-2b81-4a6f-ae23-0d31d6c22930	Smart-seq2
7cfdca7a-509f-4412-970e-7f04f41e7fb9	Smart-seq2
7e5265a8-dedd-4102-870e-985d99ebf9aa	Smart-seq2
7ea6fcff-0bd8-4e5d-878c-026c392de031	Smart-seq2
80fa4b6a-d3fa-4d27-af69-7179abd8ccd3	Smart-seq2
8154bd15-e9a3-4b35-8d8b-77420075f2ff	Smart-seq2
82ffb412-82b3-428a-baa2-c10d845352fd	Smart-seq2
879053e8-2a73-4412-9b83-975fa106b653	Smart-seq2
87deb386-7fbe-417a-a3e2-c0fe7b13ebb5	Smart-seq2
8924e56e-1568-444b-b44c-92e9da74d72e	Smart-seq2
8925efa7-c494-4b74-b5e5-35c453351860	Smart-seq2
8a010068-b95f-4140-9eb0-8856f693b70d	Smart-seq2
8b553937-f470-4c09-a75d-28d51313cbe0	Smart-seq2
8d554eef-cd48-4d17-92b2-c16e0590d856	Smart-seq2
8d89b3ff-b498-453c-8a82-532e3c1c210a	Smart-seq2
8da74f23-e96c-41c0-97dd-a6cd99d176a3	Smart-seq2
8e74c6c0-c035-4b86-9e53-0da470b2301b	Smart-seq2
8fa332d7-f63b-4877-a587-a6df0524ba5a	Smart-seq2
8ff6ede1-bac0-4777-84b0-ff977dad3b83	Smart-seq2
8ffd2309-d1d1-4054-81ee-924ddaaf586c	Smart-seq2
90913a67-3478-45a7-8b5e-97b2c64f18f1	Smart-seq2
92da8d5e-e839-43a2-afce-e009b0b3a61f	Smart-seq2
93d4b2eb-111e-4da3-b730-939493c7452c	Smart-seq2
97e59499-0880-473d-b561-7fafb01cb5af	Smart-seq2
99a23851-498c-4d72-a1c6-6115b02a90b9	Smart-seq2
9bfc5edc-439e-4efd-b68e-7bfc19e2ec82	Smart-seq2
9cd1d5a9-6eef-4a8c-bab5-147af6208b82	Smart-seq2
9d7746cf-2ce2-4299-832e-34bc4fcfd0c2	Smart-seq2
9f94fa37-608d-4cce-acb0-61c6400bc52e	Smart-seq2
a05c09e5-eb5d-4a9f-a1b2-70f3c7d2f20d	Smart-seq2
a3cd842c-5312-4e4e-b140-1a3558c11214	Smart-seq2
a52f0595-05c7-4997-bef4-cb091a2049b7	Smart-seq2
a5b74696-51f2-4b9c-a779-6b0bac445247	Smart-seq2
a5b794f2-972c-47d2-aba4-a65b713f561a	Smart-seq2
a9abb9db-129d-4a5b-95a6-04fac87737ed	Smart-seq2
aa8e8c80-6d11-4890-9435-d661b1b72590	Smart-seq2
acafaee7-e921-4c3d-b614-490f2d637c3d	Smart-seq2
ad76c007-e020-44b4-8800-a51650513fd1	Smart-seq2
b0f6f089-1f61-4ee3-aeb0-46d59e22408e	Smart-seq2
b162eb93-69c4-4ab9-9665-77fdd06f70f0	Smart-seq2
b17c1909-82b5-4ebd-8dca-8e4788543af0	Smart-seq2
b2c36fa9-cb93-4135-9fd4-ee7218ebc359	Smart-seq2
b6c4c7cd-ba92-41c2-b9eb-330ca929080c	Smart-seq2
b74c862c-5d01-471b-bbdd-a77e983af435	Smart-seq2
b75cdabb-4f8b-4c01-aff1-0ba6169692e3	Smart-seq2
b910f317-646a-40cb-93c2-e7b65238c788	Smart-seq2
b9d72807-6bd0-4a69-b077-3cdd5fa17253	Smart-seq2
ba6b6381-7cd6-474c-8909-815ba6e7f016	Smart-seq2
bb2287b6-4693-463f-9841-4a6f9ef9e0c6	Smart-seq2
bb49e8e0-2344-43cc-bec5-2094a6b78f27	Smart-seq2
bc23d260-ecc1-4450-a41b-eb93f2814d55	Smart-seq2
bcd700ad-63c3-418d-b618-3fd9834626b8	Smart-seq2
bdd55044-7ea2-4e83-abd4-647130c54a7a	Smart-seq2
be970dc0-612f-41cf-b0b1-71d410fff0db	Smart-seq2
bfa94645-cc4a-4105-b917-19ed47ac1fea	Smart-seq2
c083d11a-5cec-4d67-8316-20076ce254cd	Smart-seq2
c21f57b1-7ddb-4464-abb4-ad581426891f	Smart-seq2
c610e716-5814-4842-906e-bd074e696c59	Smart-seq2
c843bd2f-d152-4d69-bb21-b1d9d57e4eb0	Smart-seq2
c92f7edd-1224-459e-9951-0114805c2b46	Smart-seq2
c93c8e13-ccf8-41d0-8f89-daa2165709d0	Smart-seq2
c9a48d01-2d33-4a1f-bfc8-b84b0bcb16bc	Smart-seq2
ca398ed6-5930-469d-b731-a539ee8af519	Smart-seq2
cd92e381-ed84-4483-9042-a0afd1fc1f56	Smart-seq2
cda9b715-ac3d-4934-a68f-5f5067f8d8b4	Smart-seq2
ce0e485d-6804-4e7e-bc10-9fc80a1d55cb	Smart-seq2
d2b599ff-e9e7-4275-a365-4698e7ed8fa7	Smart-seq2
d33e1a6b-b171-4aaa-befb-f501787d80c2	Smart-seq2
d3580acf-fd41-4bf8-bd6a-a72c7fd727b7	Smart-seq2
d40ab945-03a6-4aa2-8cf2-5a14ed4c80ed	Smart-seq2
d5c84c6e-28fe-482e-bae8-7bcd69c06970	Smart-seq2
d8e34d41-0832-4012-aeab-7f7e2276a4c9	Smart-seq2
d98007f9-504b-4746-910d-3e90e38c0423	Smart-seq2
dcaed479-efca-4030-8a10-e9343a132f39	Smart-seq2
dd7e2cbe-e18d-4763-b87a-284eb042a013	Smart-seq2
dd966f22-4dbb-461a-a90d-f76b35af57d5	Smart-seq2
dd9dd96f-0ad9-4ce6-bce1-ba5609bbaaad	Smart-seq2
df20653a-25a4-4d7b-8335-8c2e7bc9b7a0	Smart-seq2
e043bd6c-cdfd-4db0-8b1f-7b27e8e20a8a	Smart-seq2
e2611148-03c2-4324-9e52-7dd4a3b287af	Smart-seq2
e270277d-0668-475c-9ec7-d9d9b64d61f0	Smart-seq2
e5a66dbb-90fc-404c-939f-ea0592a4f615	Smart-seq2
e6967543-7a00-4f40-a930-c97f40183105	Smart-seq2
e7259b07-8352-49a6-bccc-5648294501e6	Smart-seq2
e755ccd5-3d47-4b3a-a514-a3311cb1bb55	Smart-seq2
e7ca566d-b9dd-4d9a-ba80-eb40128618f0	Smart-seq2
e85f8fba-62ef-4252-adc2-8cc657e7b3f1	Smart-seq2
ec4ab5f4-387f-41c5-9178-d35ce89146f9	Smart-seq2
eda2e037-ba2f-49ad-b44b-e9caf853827b	Smart-seq2
ef88a995-19f5-47f5-8675-83e9a5e17ce4	Smart-seq2
f3384fac-3ffb-40b0-babd-3429d9e0ab43	Smart-seq2
f440258d-ae07-4c3b-b200-9d49fa2c7a7e	Smart-seq2
f596d8b3-3499-474b-a46b-819d9a23029d	Smart-seq2
f6429aed-2685-457c-9e07-433e86bd96bc	Smart-seq2
f673d4ef-ec85-4fc7-9a78-f985c2563d64	Smart-seq2
f8a451ed-c6a4-4f81-8a13-d41332f9a958	Smart-seq2
f8de8e01-d459-4ba4-88db-cae610529147	Smart-seq2
fa63a83b-9806-4248-acb1-f6214788b5a1	Smart-seq2
fe54945e-9149-45cf-98da-1a1184cf2b2d	Smart-seq2
0000ea22-7033-44a8-88ff-190d8dde0183	Smart-seq2
01ad7a89-0262-4824-a603-1c29e9b2b8be	Smart-seq2
05cd26e4-673a-4b6c-8662-841cd6d1eba8	Smart-seq2
06609258-0795-4e12-8871-b76cc8c64312	Smart-seq2
071d267b-2f24-44b3-8447-c2138ab316c0	Smart-seq2
0a7ba48c-da32-48ef-a2e5-2fcc0b35fc95	Smart-seq2
0aac9688-ce65-404a-b767-5e5cff26b50a	Smart-seq2
0e5da658-510b-4353-98dd-d16394e1a817	Smart-seq2
0f6c0f75-2b64-4b06-9ad3-799989e81dc3	Smart-seq2
100c69a3-995b-4846-9cae-15811daabb95	Smart-seq2
1026c171-3657-4128-85ac-501977a67946	Smart-seq2
1068e653-7dc2-4f5a-8c4f-7c2d94dc3437	Smart-seq2
112c395f-c22a-4808-a4e1-67ea43a3005d	Smart-seq2
1158ff35-8890-4787-b4a3-68feccd509a6	Smart-seq2
158f01e2-32a4-4278-8526-5da427556b16	Smart-seq2
15f6e57f-4b72-4d44-8bca-098b87dc2e23	Smart-seq2
163b3a83-47aa-43a2-96da-c4e8e13997bb	Smart-seq2
164f23be-f754-4539-a16c-061126593bef	Smart-seq2
168352f5-570b-47aa-9b4c-89cb110468ce	Smart-seq2
176906c6-cb88-4918-9581-2fdb5b043661	Smart-seq2
181cd437-5f34-415c-bf17-b924e2952bff	Smart-seq2
1a6159be-e5d2-41fe-ac3a-aa9324d369d4	Smart-seq2
1b627dcb-6c2b-4e54-a04d-3e73a4c7a697	Smart-seq2
1cf58554-6c34-4380-bc42-284c25b7f87b	Smart-seq2
1d1e3392-1ec5-4d6c-a328-87501289d698	Smart-seq2
210c35fe-55dd-41bb-873e-14e736886fd5	Smart-seq2
21dd2cd6-5c28-4e01-bd40-f72a7d58521c	Smart-seq2
22152262-bd34-41fe-ad9d-674305a59b77	Smart-seq2
244bcbc9-427a-4f7f-b113-abf5700706c1	Smart-seq2
2455ab45-589a-4320-83e7-8af9ec0c45ae	Smart-seq2
265544f9-d4df-4982-85bd-dc0a8cd657e2	Smart-seq2
265a783e-55a4-45ef-b0af-ecee7e8f13f1	Smart-seq2
29d70c85-0f19-479d-85b2-d92a326dc419	Smart-seq2
2b958fd0-4648-4f08-97bb-c662d87be060	Smart-seq2
2bba677c-279d-4f68-a88a-ad2a3242e1cb	Smart-seq2
2c9a6eac-3d9a-4666-8943-49dc3aaac44f	Smart-seq2
2d4039cb-a732-4266-b9a5-a920ae9ddd38	Smart-seq2
2ddd684b-f017-4f67-b90f-e59a52a661da	Smart-seq2
2e4a8acd-f735-49f6-91e3-1cbde4211188	Smart-seq2
300bc4dd-18bf-41a5-b431-cc8735612115	Smart-seq2
3059a761-69fb-444c-825f-9caf23de0077	Smart-seq2
3127db8a-852a-476e-a316-957d178aa578	Smart-seq2
31af52cd-4fd8-4584-98d1-073ab206ced0	Smart-seq2
3440fcdd-a5ee-415d-be2e-6aa5d47e2df8	Smart-seq2
34bd450f-808c-4d58-a234-6d85c458f56c	Smart-seq2
368c0f13-e887-41bd-828d-bea8a615a43d	Smart-seq2
36abd646-f9c4-4d9b-828b-22fdb910e56b	Smart-seq2
36ac6c32-fe6f-4e03-8320-d67292210bea	Smart-seq2
38bfd968-82a1-4739-90ff-ae9078eb2410	Smart-seq2
39c892dc-3d86-45e1-831b-f48e7688ef52	Smart-seq2
3d372821-2613-4ae1-a6b2-2cfd541420a9	Smart-seq2
3d6142e9-0509-4d87-9783-d5879fb090f2	Smart-seq2
411a38a8-37c2-40a7-954b-f2a19e454941	Smart-seq2
41c2e43f-d9a1-4456-ac82-fea35f853513	Smart-seq2
430547da-04c6-4dd9-8f0e-6da2d3c01aa4	Smart-seq2
440e9f14-6cd0-411d-a766-8897d1257a78	Smart-seq2
441c4e86-f457-48fd-bfcc-1296f51e4b9f	Smart-seq2
44d12721-3e1b-49d0-a212-8677dd009048	Smart-seq2
44e0e6d3-47d8-4d61-a69d-2335fc3a2a86	Smart-seq2
4509bee4-d400-43e9-bb84-81d4b58dec68	Smart-seq2
45847d88-7907-4245-be01-af3eec35dc61	Smart-seq2
4696874a-85ac-4cbd-be82-911d27f54456	Smart-seq2
47a1ec5b-ec8a-4993-a029-d904def61d75	Smart-seq2
47ecdd12-3c47-403c-85c1-4deae3df0089	Smart-seq2
498a7a82-4306-4d81-ae15-b4afa43b9e24	Smart-seq2
499b4f63-7cbd-4248-8ddc-6acbece5b88e	Smart-seq2
49e58ccc-ae7d-4f23-88ad-3176ccb6e708	Smart-seq2
4bdfec5d-ae75-4f2e-84ec-dc9130116315	Smart-seq2
50522f20-d916-4223-8b9d-0c27d809119e	Smart-seq2
51726896-2e7e-4bd3-9cfb-cdf0ee2e08d6	Smart-seq2
53deef95-9774-434a-afa1-ca5d90a03c9a	Smart-seq2
54c2cec2-f3cb-4d62-b272-cac4ff72e830	Smart-seq2
5732ad61-5a62-4c65-bac0-fc4f3454fe00	Smart-seq2
57d953d0-ad87-42f8-bcbd-171cb8bc8dc0	Smart-seq2
58855dd1-8a57-4184-9345-2def533356e0	Smart-seq2
599fe0ee-0b75-4497-b707-baf6b9b3b86f	Smart-seq2
5a199dc9-ee4d-4256-998c-f6b939d38876	Smart-seq2
5a9caa94-31c2-4d75-9bc7-f881bf43fc51	Smart-seq2
5af0080e-de91-4fbf-a3c6-98ed59d6c30b	Smart-seq2
5c66699f-949b-4483-b14b-640f272990fe	Smart-seq2
5cab3c7b-95cf-412c-b65f-17045f7c39d2	Smart-seq2
600a028a-ad14-446f-854e-a64a8dcc6bdc	Smart-seq2
6131c527-717a-491c-b11a-6e571ab3eb53	Smart-seq2
61cf98cc-2c6f-411a-8520-717a74670e70	Smart-seq2
628791df-438e-4425-ab5d-2c238bd19794	Smart-seq2
64659beb-dbf2-433c-9ceb-b8326eae844a	Smart-seq2
6547ff9a-86cb-4074-8404-fc2df6e60908	Smart-seq2
6561b5c2-f19f-4ff1-aab3-2c129997d368	Smart-seq2
656ffaae-ab15-43c2-83f8-70eb194100c0	Smart-seq2
662f7c96-b650-4b22-9dc8-f052f63083d7	Smart-seq2
67f9fc64-8867-4d0c-9ed7-93396c9030c9	Smart-seq2
6802e073-132d-4061-9225-17770b889bbe	Smart-seq2
68685a04-3631-43e9-989b-55c1cd3d1f5a	Smart-seq2
68acfc14-1d36-4c0e-850d-d1a40cb8ac63	Smart-seq2
69c8e7b7-561a-4266-bdf7-acd144807a61	Smart-seq2
6a6ebdfb-b659-4168-8753-05ce62ac8e1a	Smart-seq2
6ade6d25-058d-4f6c-8c45-746fa12333ea	Smart-seq2
6c789cea-d205-4eae-9b3c-f07a074c5b5c	Smart-seq2
6e22534e-f6b1-4b80-ad25-1c4732757e9e	Smart-seq2
6efb7964-0661-4ed7-a660-18465de76183	Smart-seq2
72134f5b-b92f-499c-873c-6ebbae162c3f	Smart-seq2
7216fbe2-d3e3-42b4-b679-71deb83ae1f4	Smart-seq2
76a17980-5853-4429-afa5-d36e13e2a349	Smart-seq2
781cc231-05cc-49ca-b5bb-3e0a4442a78c	Smart-seq2
7884ad1e-4c53-40e0-951b-4c6ee62cf30c	Smart-seq2
78df1b6d-0c43-40e0-93fc-bc260645530b	Smart-seq2
79d4ef57-621e-4c15-8b6f-de2285cf32ab	Smart-seq2
79e24148-5fd4-460e-8a1c-f13b44bfaf2c	Smart-seq2
7b7ac63d-a7ba-4514-931f-7f0f609c9c22	Smart-seq2
7bdae703-f677-4024-a8a5-cdd8d8a73bdf	Smart-seq2
7c975fc1-f140-47bd-b41d-cfb03e5322f3	Smart-seq2
7ccb0dfb-a2c0-42a3-aac0-bc36c18819ff	Smart-seq2
7d44600b-1cf1-4025-89ec-91e10afcca54	Smart-seq2
8216ec49-3125-4f6b-893b-c0bae23bcb60	Smart-seq2
82a5f045-4640-48f4-b349-ce28c6107d05	Smart-seq2
82aa226b-afdf-437c-a232-84f999af0969	Smart-seq2
84000132-3c3f-4d2f-9ae0-baa7c9e23f40	Smart-seq2
8418819a-072b-4035-9619-93f54d129d84	Smart-seq2
848e7b02-daff-4d8c-95dd-d177b9124042	Smart-seq2
84f85bc5-f6aa-4c06-9759-e12f17192edc	Smart-seq2
880cea4f-929b-472b-91b8-081992d476ed	Smart-seq2
885d3224-bc3a-4657-bce7-9b6761c8cb67	Smart-seq2
888fccb6-b659-4107-8307-d8e5d550c394	Smart-seq2
8b7ea5f0-a73f-4821-b58b-e2e5eacb5d2d	Smart-seq2
8c436dea-2e3a-4234-af3f-9b158d64f475	Smart-seq2
9052aa5d-3069-4ce4-8164-eaf111e90813	Smart-seq2
910feb4c-255c-43f4-8db4-62c3d23e883f	Smart-seq2
9379df14-6279-4f0d-b44f-05e6213cd3ce	Smart-seq2
94463f7c-1ccd-4b93-bffa-2995088a930c	Smart-seq2
947b7ac6-4462-4c11-a390-5c035802802d	Smart-seq2
94e1060a-8696-4331-9e11-44688685db83	Smart-seq2
95f90914-4fd0-44e8-8a01-54a1933c4567	Smart-seq2
96292625-8024-4bf6-8869-d101251d153b	Smart-seq2
96fb4bab-f2fd-4dbc-879d-5d7e90f4abf9	Smart-seq2
97878ae9-c07d-4dfb-94b0-29015fd6722a	Smart-seq2
9b797c70-d5c7-4652-8cfd-a5e773004d17	Smart-seq2
9e9a5269-42e6-448a-8bd7-cbe0fc861bbd	Smart-seq2
a02d7acc-9320-40b8-80a8-3cbfffb5637d	Smart-seq2
a378c8d0-a243-4457-8377-dd84e37f58cb	Smart-seq2
a4613118-0ae4-467f-8bf0-606dd4746c54	Smart-seq2
a4c70963-770d-4216-b24d-600a1cc06994	Smart-seq2
a5a80e8c-646a-43a1-93d4-3d75b7933ad7	Smart-seq2
a63db500-1a87-4ee8-9d35-b42687dbde57	Smart-seq2
a77b8394-a772-4dd6-96a9-645947aafbdb	Smart-seq2
aac84c5f-f2f5-4c87-9fcc-03038d293455	Smart-seq2
b0faafd2-ccfb-4945-b0f5-0e2b231470a8	Smart-seq2
b2036de8-c921-435a-b2df-493fe148e1ed	Smart-seq2
b276d754-78b5-492c-b107-db2dd2c939bd	Smart-seq2
b2ccb4b6-3f0b-4cc1-a5f9-b7947d8e1822	Smart-seq2
b3c0016f-c82c-4085-8f97-2937a7f3e3e2	Smart-seq2
b476be4b-1724-47f9-8051-09113d6b9978	Smart-seq2
b4d05fb1-3101-459d-8ab9-e29c1dd0fac4	Smart-seq2
b57863d5-2723-4e0d-bd30-f71e1c273955	Smart-seq2
b685eff2-fb41-4517-ae97-ca58de825835	Smart-seq2
b751a956-2b80-47d8-b1e7-5127c6b2884d	Smart-seq2
ba147eb4-1cf4-4daa-9e05-4b222aeb076f	Smart-seq2
ba9dce48-6ac5-42f2-aecc-cdeb836042a5	Smart-seq2
bb2047af-fa10-4610-bb7e-efdbd481d756	Smart-seq2
bbeda5a3-fd9d-4885-8336-4c23d3c38a8a	Smart-seq2
bf8567a3-06b5-4ff0-8971-3c7a86ade24f	Smart-seq2
c2123376-738e-491f-ba56-668bf54e9e2c	Smart-seq2
c28a797e-4cd3-4fbc-8fb3-311cf81a1624	Smart-seq2
c2dffaf3-7c6d-4a20-89e4-21aa9df9dec0	Smart-seq2
c51ef361-dbe3-432d-a36f-8cf66343de7d	Smart-seq2
c62d52a8-72c3-4da9-8a45-cddee095390e	Smart-seq2
c78e2068-9c82-4299-9139-1e84b8cf0724	Smart-seq2
c8c479ec-19af-4fa3-8e6d-dfbf8076b24b	Smart-seq2
c97bf344-9854-48f3-a2ef-c599c1fd5b91	Smart-seq2
ca58eb77-ba0b-4a9d-8c74-eec28bad2210	Smart-seq2
cb85c514-4bac-4a62-8f82-e46deb8f4a34	Smart-seq2
cd6e6568-702f-4fea-a25a-329e9c7f0d97	Smart-seq2
ce5a252f-e0e1-4c8d-b882-375d37f994f9	Smart-seq2
cebc20fc-ae3e-4f80-ac92-577220f8bdaa	Smart-seq2
d107bdf8-d242-42d8-8342-75292c6d404d	Smart-seq2
d144fcfb-0efc-46dc-9602-f82c0e1d17a5	Smart-seq2
d24adf81-b802-4a6d-817e-1ea55f71c5ac	Smart-seq2
d44ffc51-e406-46f5-858e-828099d4e21a	Smart-seq2
d7575ad7-77f1-475f-9b02-b5e087536c22	Smart-seq2
d78f9da9-de32-4857-a672-af7abd49e257	Smart-seq2
d88bc133-bd0a-44e0-be6b-2d151257bd26	Smart-seq2
d8a88d3c-b54f-4c8b-af7b-bb1831a25a0c	Smart-seq2
da9dadea-28d2-46bc-aa9f-f61b41648fc6	Smart-seq2
daa91930-92b7-40c4-a1f5-89161af940d8	Smart-seq2
db89afb6-565b-4b7c-a1c5-0e9212296fd0	Smart-seq2
dc57b8f9-42f8-43b9-8e95-44c4ed32d6d9	Smart-seq2
dcd198a6-8853-4fc8-9d2e-58445aab4824	Smart-seq2
de5c8458-f112-43e2-a387-6c19d335b603	Smart-seq2
e0a2183d-f045-453c-ac6c-5c72bda5e948	Smart-seq2
e13b0b47-0a30-4ee4-b587-84fc04031be0	Smart-seq2
e18e360e-a9bb-439f-b956-45e69bebdaa0	Smart-seq2
e336eae7-42ae-4e75-8fcc-e622ff6b067a	Smart-seq2
e5240b84-8f90-4bac-a6cd-262c8ce154a2	Smart-seq2
e6d03e00-3b5b-4c79-b916-5a9dd3cc942a	Smart-seq2
ed16ac98-d231-4ad3-97c1-f9d2418dab26	Smart-seq2
ed4b7fba-1123-48f6-ac3f-0b31f526457d	Smart-seq2
edf5d843-bfb5-4a57-8cf7-d9122bd8b050	Smart-seq2
ee90563b-7a84-4216-a25b-483a2e88b234	Smart-seq2
ef40a88a-947b-4e8f-a4f3-9a104243e83c	Smart-seq2
efb57499-b10a-4dfe-8fcb-e6c727d943a4	Smart-seq2
f15e6d5f-37f6-4d8e-bac3-49a66b040bf0	Smart-seq2
f18085e3-4360-4151-85b1-113cc8c7a7d9	Smart-seq2
f19a63d2-7ec6-43a8-9219-88099cd580e7	Smart-seq2
f46c8269-4f78-457f-aad1-aa10af1f0547	Smart-seq2
f52440f7-a43b-4e64-97fe-6f95f9aa8a9b	Smart-seq2
f548f72f-a777-4b47-9ef0-2feff44d07df	Smart-seq2
f60b1efe-c800-4d9f-acd9-0d00e57809fd	Smart-seq2
f63b1283-9c52-4bf9-b465-3c0fea850a10	Smart-seq2
f7092512-af7b-44ac-ab4c-c4eeae69e7ac	Smart-seq2
f7b1c90f-8fd2-4b85-805e-05ec5b0df806	Smart-seq2
f921e246-554e-4790-a2b9-65dbab696739	Smart-seq2
f9e328c4-9de9-4248-bc04-5a293787957e	Smart-seq2
fb73429d-80be-4efc-a56e-ab72c4a3d1f5	Smart-seq2
fd191cd9-d90f-44a8-9a11-edf7daebb593	Smart-seq2
fd8575f0-9251-4e76-9db8-1c015f905ace	Smart-seq2
fe42f96e-d5a8-4381-b766-fde78eab34a9	Smart-seq2
004cad14-2fa2-4200-ad39-6bf454073369	Smart-seq2
00e86aea-cf83-485f-8346-5eb2dd369703	Smart-seq2
035dcdfa-f51c-4165-9933-0dfa81099add	Smart-seq2
0367c4e2-98e0-41b2-ac0e-018f06f3772c	Smart-seq2
037cc1c5-0309-4650-838e-cc53512c41ff	Smart-seq2
0398464c-7bff-48f7-ae84-8392b85e8a55	Smart-seq2
040c1bb1-d08c-46a2-863f-a8621e93ea31	Smart-seq2
04906cab-ecc9-49fa-ab0f-7eea6eb97d75	Smart-seq2
04c97b20-7d32-4186-bbdb-0a23dc80725a	Smart-seq2
05e60b3a-714f-4013-b781-38a2f19460e8	Smart-seq2
06b26375-d0e1-445a-be1a-5d9cc9c8c6fd	Smart-seq2
08369681-3708-4093-87c3-ea5b2e4e65ba	Smart-seq2
09e13099-18d4-4486-809e-ba9c9857152b	Smart-seq2
0aa99f6d-53e3-48c7-8bd4-e2001d641fbb	Smart-seq2
0b5e3151-1195-4b88-8047-5b4ed8ef38d4	Smart-seq2
0d45f90c-aa36-459c-ac9f-9ab806547a11	Smart-seq2
0d96e4c0-c7e8-4ba2-9afc-f59866884f07	Smart-seq2
0f26d350-a9f2-4eee-8b15-8f20a18a18cc	Smart-seq2
101c84c7-d27e-4627-b8f7-15c54fbf8852	Smart-seq2
10e34b8c-615f-452a-b209-64f0d2e4be97	Smart-seq2
113d5b18-21bf-4b19-85bf-3d2c864d663c	Smart-seq2
115758e0-1dd7-4f9d-be87-b3d573042a89	Smart-seq2
1222c8c1-a182-49fd-9ded-fc78c3ac9794	Smart-seq2
12f17b4e-5a07-4a60-be5c-21dd7b14bdde	Smart-seq2
12fe8495-938c-45b9-b8aa-d42c381518ec	Smart-seq2
1330efe6-2d37-45ab-9c7e-b9de4b322c07	Smart-seq2
13346362-6fec-4bec-b387-3e03cb7d8ea2	Smart-seq2
13a01b44-300d-4a73-b9b7-671a4ef4203a	Smart-seq2
1409245d-0e29-4fc5-bdb6-e20d9bb44bfa	Smart-seq2
143535f1-94e5-432f-8df5-1f121d803298	Smart-seq2
14a95b61-3739-401b-8bb4-c3a630ec3b99	Smart-seq2
15223154-acfe-4781-a26b-eba2fec4f709	Smart-seq2
1687b1d5-2418-418c-9d01-bed2d73475f9	Smart-seq2
17d0a49d-afec-4873-9ae4-ef456a55269b	Smart-seq2
180c024d-a8ec-4065-b3b7-b6b9610c96aa	Smart-seq2
1b183bc2-a7ed-4629-91ca-4b726cbfbb89	Smart-seq2
1b457716-0efb-4b11-b4b3-71fb1904755d	Smart-seq2
1be5c02c-788f-4159-9959-b773a8bbe9cc	Smart-seq2
1bfa221e-8d36-4d38-b34d-13de371a4b57	Smart-seq2
1d1f82b5-3700-4cef-a361-f63f7fc75e7a	Smart-seq2
1e24161c-8bc5-4d63-9f15-cd39085dee61	Smart-seq2
2062f575-89b0-444d-8242-94b782795995	Smart-seq2
22afd171-7db7-4a81-934a-879c2eb64b57	Smart-seq2
22b90a45-51f1-419d-a962-3bdcf129861f	Smart-seq2
235c1f0d-f9d7-403e-80b9-5a53c0608596	Smart-seq2
2385061a-5156-40c4-859b-be3190c6cd98	Smart-seq2
254cbd50-396f-4b43-9638-6be4a50d3299	Smart-seq2
26bf073d-9284-4ac8-af14-3bfa8b9df359	Smart-seq2
27a5f302-fdc8-49d6-8280-18de558cad5f	Smart-seq2
28cc8070-7c81-49db-b7f6-c648d4cb9c8e	Smart-seq2
2944a309-3eda-422b-b582-eb78b13029de	Smart-seq2
2a6c3616-dd61-4e05-9bf6-ee9f23af375c	Smart-seq2
2b78c165-6f21-4bf6-b1a0-df376bffbd1a	Smart-seq2
2c4cba39-06e2-4182-81e9-bb5d0c398cc5	Smart-seq2
2d0ef101-adc5-4604-afd2-d2bb9b4ac25d	Smart-seq2
2d7a198d-e662-4ace-8286-8fcd66864ac1	Smart-seq2
2dec28eb-d8ac-475f-9cbe-e750db370ff6	Smart-seq2
2f298b6c-35e4-48b1-85fd-fda1516ba223	Smart-seq2
2fa38627-233b-4fe3-b19a-91a5e4becc5d	Smart-seq2
312be7fe-03dd-48ff-a901-a6830a6664dd	Smart-seq2
317c476b-496c-4cf0-9d74-fbb06da743eb	Smart-seq2
35bbdaec-0588-4a50-9e3a-750b573b7fc6	Smart-seq2
3a2dc0d5-9d0c-43d0-9580-6a3173f2fa32	Smart-seq2
3a808c65-5b03-43fb-bb96-0e5b13f6c91a	Smart-seq2
3aacf8d0-41a3-4aa1-a726-2b24820f49b3	Smart-seq2
3e5df2ad-8a36-4a28-9496-8091c07684a4	Smart-seq2
3f91361c-64b6-4c9f-b572-f8eb5c2e2db4	Smart-seq2
43196c91-7614-49ea-b49d-0f597d0c60ce	Smart-seq2
431ff271-a673-40d1-8786-8d6321497ef6	Smart-seq2
4374a32a-684d-445c-930e-7a05d87012a0	Smart-seq2
47ddba35-0b75-4a32-88d6-39a2a66cf1c0	Smart-seq2
49bd98c1-a494-4e0e-a7cb-1f84e2526ecc	Smart-seq2
4a93de6f-b056-4a37-9372-7e94f6d719f2	Smart-seq2
4b2e194c-3f05-40e2-a713-8a09fbdbd479	Smart-seq2
4c3f4c0a-8f24-4a8a-9f0d-8a76875a5efe	Smart-seq2
4d96cb97-6ea6-4f5d-b5f5-2678cd79b06a	Smart-seq2
4f99d232-ab90-47a7-9f88-6ec32bf230ff	Smart-seq2
501fb2aa-be81-45e0-88f9-fa285b3d33e5	Smart-seq2
5042cc7f-77af-409d-9754-2ed1b824aba4	Smart-seq2
521f1563-892e-4ac5-8b7e-b75d69d6e418	Smart-seq2
53156357-5499-4ce3-92ab-8fb62f2dee48	Smart-seq2
53dc4f67-9686-4c16-ad67-4814be61a1f2	Smart-seq2
54748bf2-a7e7-43e8-b13d-1ce7e1c9317a	Smart-seq2
5494703c-3732-4d47-b037-7e70fa4d45bb	Smart-seq2
56b4b688-b5cd-4e85-a559-924a2308d887	Smart-seq2
58b28b4f-f26a-4acb-b730-1c29a1554daf	Smart-seq2
58f9e8d5-66cb-425e-a788-4a1bd6185b7b	Smart-seq2
5abce75a-63fd-4c8a-9695-0debfe58ba59	Smart-seq2
5dc7fbc4-b470-4a29-ba83-e09724162740	Smart-seq2
603afa13-32b1-47a5-b0c9-02156136177a	Smart-seq2
6043eba7-ee2a-4f80-9070-c1e2e17d84ac	Smart-seq2
61a9e0fb-e8af-48bb-9087-fc20e3497ee9	Smart-seq2
629dc3ad-d3ae-44b5-a26d-c1cb8482711c	Smart-seq2
63d75fbe-8ff8-4d51-bb23-222ea6b18f7a	Smart-seq2
64eece71-51c8-4be2-a76d-8d67a7540c8b	Smart-seq2
64fa6748-f988-4d2a-8fec-c698626a10df	Smart-seq2
651756e9-467c-42cf-a641-faa29e140017	Smart-seq2
653ab8ec-b592-4446-a485-bd52a34e4289	Smart-seq2
66bd418a-7075-4bb3-a140-f0c200eae5c3	Smart-seq2
68f4fb5c-6782-4441-bdea-94ffd24d43da	Smart-seq2
6a231c64-897a-44ab-9b88-edd24c0c6d98	Smart-seq2
6a83d060-a1fb-4e6d-a1f0-7253ffe0bcab	Smart-seq2
6ab4cf98-2538-455b-af67-aa293365d969	Smart-seq2
6b3df0c1-9471-41df-aab4-c2b9c75f01e5	Smart-seq2
6bd92cd2-611b-4760-98a1-68aff231be57	Smart-seq2
6e299539-3892-42f9-916e-0aa89faeb78a	Smart-seq2
6e3a76d1-82cb-4c22-884f-58ca6d94fa25	Smart-seq2
6e59e4de-801b-4777-a505-5a54d0740459	Smart-seq2
6f981849-a7b0-4f66-abfb-1d5087c3c0ce	Smart-seq2
712169d5-c7de-48c3-aa74-fb6eb61b6354	Smart-seq2
71a7e2a5-30da-4845-bff2-d9ba95e2582b	Smart-seq2
7214b994-ab6b-485d-aa65-4b54881cbdea	Smart-seq2
7226d891-d6d4-459b-a076-0d4003fe054c	Smart-seq2
723ac03e-7ce3-4319-9a0e-529b6f1d3413	Smart-seq2
72c53720-4064-4220-b31f-99f130bff29a	Smart-seq2
73b7a685-9f20-4dc3-8494-6c76a3f93a6a	Smart-seq2
762ed9bb-dd8f-4e8f-99f9-605a1568fe64	Smart-seq2
77f47f69-688e-4e66-b2d7-1443d8537dbb	Smart-seq2
788de9d8-30cc-495a-8bc4-e0c3fcd73330	Smart-seq2
78f64548-963f-49e7-b1e1-c6af176981a2	Smart-seq2
79b44e14-50f6-4703-97dd-4fab3f2d18d6	Smart-seq2
7a1cb172-7762-417f-b1ce-7742b7658ad4	Smart-seq2
7a86c778-a329-4a6d-ba87-8fc46743c5a4	Smart-seq2
7dcacf3c-7625-43f8-9138-965c412073e8	Smart-seq2
7f2d067d-ac18-44b8-8de0-7d74174837d8	Smart-seq2
7fbd4c0d-b180-4ad3-9d3c-842a0effd77f	Smart-seq2
8056ecc0-be5f-4068-bffe-a89f1f1e1d46	Smart-seq2
80d23ba2-c821-4824-8efd-383f023370fd	Smart-seq2
8193e4bb-f25a-41c1-ba6a-31c5f8c910de	Smart-seq2
84a6c8a2-0664-41d5-a758-50263cf7dad0	Smart-seq2
85e2a733-e079-4bd8-89f9-3ddc0f97d4cb	Smart-seq2
86202db5-b250-4288-9829-099147d3ac18	Smart-seq2
88eadb9a-f778-4338-b037-10324ffb8274	Smart-seq2
8a1ffe42-a5f5-4200-b175-652fad052ca3	Smart-seq2
8a6ff035-7e1d-4be6-8925-b4aebb32d714	Smart-seq2
8ad75d00-9e72-4445-8d21-12cf577b0958	Smart-seq2
8b07ca25-a793-421a-80b7-6e88d1e0df5a	Smart-seq2
8ec53bb3-aad4-4eb2-87e0-3d1e82bd1836	Smart-seq2
8f621ebd-03ae-4d75-af4b-6e60d0d46869	Smart-seq2
9124013f-c5da-4fe5-8f3d-f5cb0eb99f71	Smart-seq2
9264c05e-09cb-4430-a1df-34bdbb07170c	Smart-seq2
92c42de1-1163-4778-9d2a-d5076cbfb7ad	Smart-seq2
93a73a2d-79c8-4961-9e13-19392245870a	Smart-seq2
98efb254-16ec-4481-94dd-eb5eb22a6712	Smart-seq2
9a4520f6-07cd-44b8-b23a-fc62ab23888e	Smart-seq2
9ad3f108-8ee6-4adb-9af4-2b337bc08ff2	Smart-seq2
9b3fe1c8-d0e7-4250-a0af-feeb85271e6c	Smart-seq2
9d3473c8-34dc-4866-9d88-767d9539cac5	Smart-seq2
9dafbaec-ffcc-4a67-b2db-9ddb0fbe7aee	Smart-seq2
9f622ddc-b854-40ba-9b20-751c3ecf2a6c	Smart-seq2
a045e7bc-d1af-4546-a204-15887b509845	Smart-seq2
a156f289-2511-446a-ab56-61e62dd79d64	Smart-seq2
a1694ddc-e919-4508-af33-08105b6a7a7c	Smart-seq2
a20ee06f-d20e-43cf-8834-2325b53e7d77	Smart-seq2
a24667e0-6a83-47c4-8881-57f2b6902f3f	Smart-seq2
a25872d3-b57c-4f58-ac82-f60b1c2303a7	Smart-seq2
a3f869bb-1d7e-4285-b85a-b4441be0dc95	Smart-seq2
a53ed507-3a6b-4b19-b592-8115d514ae64	Smart-seq2
a629b54a-485b-4bee-bee8-ae2b60f20775	Smart-seq2
a62a7272-bf7d-4653-8f2b-198164dd83fd	Smart-seq2
a7be58f9-e378-497d-b5e7-dd5d5f5a4d28	Smart-seq2
a7cc365c-a0df-459a-93aa-64ccdbac8ecb	Smart-seq2
a7cf8120-a490-4d03-b0dc-9c6565c37eab	Smart-seq2
a952435f-2cdc-439e-a17f-09883a0c9f5a	Smart-seq2
aa165d11-9691-4943-9001-8b890e33af19	Smart-seq2
ac7409d6-6d85-4f50-b511-0377487696f4	Smart-seq2
adb0261b-c0ae-4f56-936c-1557281894ba	Smart-seq2
ae68a26e-9b62-4b25-b0ae-ec15ecbd1fe7	Smart-seq2
ae7a1188-9c5c-462c-a143-f0d7a68779d7	Smart-seq2
b044802f-f386-4cc7-a3f5-c430f4b56ed8	Smart-seq2
b073b927-758d-47f1-b8ab-4f83e9a7f8f0	Smart-seq2
b0ede230-9969-4a11-a89d-5ec8dcb10dab	Smart-seq2
b29e36ea-de51-4d36-bd34-a021017f33ba	Smart-seq2
b36b95d4-d33c-418d-b442-d35d0ea14b47	Smart-seq2
b39e6614-acb2-48b8-964f-05e1100d7e5b	Smart-seq2
b3f3b8e3-dcc0-46ea-b17c-876249995081	Smart-seq2
b6b93b1e-65e0-4219-a674-c0a7fa4b8299	Smart-seq2
b6cfb1f7-3cef-45fa-b609-e7ad8be700c1	Smart-seq2
b6f5a0d4-6710-4ceb-912f-8188956ff292	Smart-seq2
b891a9b5-9454-428b-bffa-0d8e326b6a98	Smart-seq2
b8ac0e27-39f4-4c82-8c1b-4defea41595a	Smart-seq2
b93e2d89-9c7b-40c9-8887-838990491bb5	Smart-seq2
bb5727ba-03ec-4e15-9e53-15a96c400351	Smart-seq2
bec72f95-4c45-4f2a-b3f9-5803cf3748d2	Smart-seq2
c160d846-80cf-4c15-a1fa-8ab69391c4c7	Smart-seq2
c5681c8e-1d17-409f-922a-d927ce485fb8	Smart-seq2
c70bcc5d-07fe-4f64-b68a-bc39ec2070c3	Smart-seq2
c8567775-921e-4000-b3ee-6e22604ac730	Smart-seq2
c962c4b0-ebfc-4ff5-94da-f1c098f40fea	Smart-seq2
c9909f7a-ca0c-49b8-bafb-1f4b46eb7ff0	Smart-seq2
ca4c36a8-fb87-44d2-8ce6-ffdec3defa8f	Smart-seq2
ca5d801b-c655-4faf-8537-efcaf5472384	Smart-seq2
cb2b97f9-aac6-4797-8016-967348157de3	Smart-seq2
cd3100f5-6fda-47b9-bc99-d14a7c2dc218	Smart-seq2
cdf55dfa-8906-485f-ba39-1919c8434019	Smart-seq2
d01a1bbe-f39d-4f60-b1ac-366483b23791	Smart-seq2
d04c5296-5977-436f-b899-5b7251f571b0	Smart-seq2
d322d5ea-c119-4aa5-8676-9796e2d91952	Smart-seq2
d3af99de-df2f-4249-81d1-6f500927e42b	Smart-seq2
d59c2c98-aec2-4226-b5ca-aa87473f17e5	Smart-seq2
d5ce35a4-e2b9-4adb-aecc-5d54890b6477	Smart-seq2
d68d5c6d-4f57-4aa5-9a6c-f81f3708b1f4	Smart-seq2
d693af9d-fa2f-47b0-af1b-b6590c00b485	Smart-seq2
d708ba78-c467-403b-915c-ab86a65ccd01	Smart-seq2
d73894e6-70ca-4d44-b17b-0576cbf1ee8a	Smart-seq2
d8a9a23b-3ee2-4289-839b-019813591c0e	Smart-seq2
d8f7afda-e450-483f-bffb-4b96fca1a768	Smart-seq2
da6cf6a9-99b1-4e59-b4c3-e24d3998d13a	Smart-seq2
da82b3e4-37f1-425e-9f25-5bd6208147fc	Smart-seq2
dbaea14c-4a24-4623-8548-390ce0663339	Smart-seq2
dc92822a-bca9-4466-bd77-7b1d25ed4339	Smart-seq2
dcb8331e-8c95-4ee4-ae65-61002b9db9bb	Smart-seq2
de5e8e1c-127b-4ed9-9277-83b6f4b8365d	Smart-seq2
e48985ac-19f8-46d0-b4af-2eaaaca17a6d	Smart-seq2
e5195e12-6b2f-454a-92cd-59216de158e7	Smart-seq2
e53b63ff-8851-4bce-9e86-8bddc1eaac54	Smart-seq2
e57a91b8-0513-48e5-9b1e-77578e629720	Smart-seq2
e6260b15-31e9-4968-85dd-020fde1cb1bb	Smart-seq2
e652b5ce-b6ec-4972-9b97-cc00bb61e856	Smart-seq2
e78a3acd-5527-46a8-941b-53bc5dc5cd68	Smart-seq2
e835fc77-9ea1-47bd-8879-b641b5e558cf	Smart-seq2
e90f618c-bd9e-4178-9529-d6dcbe89a3e0	Smart-seq2
ea90f968-3889-4d1c-b15c-b1090ce763d5	Smart-seq2
ed6e42a2-3ee1-4e6b-91ac-5828b6be23fc	Smart-seq2
f061062f-1fec-44eb-93ae-8e3eed559140	Smart-seq2
f3e1251d-c99a-41ae-a61a-3b23848c12de	Smart-seq2
f433899c-e43d-4c01-bb67-3e6cdbfe212c	Smart-seq2
f4d00bfa-7e9e-467d-bcfa-84907fac669a	Smart-seq2
f78f3ed1-dca9-4e23-8050-04b3e4836c8c	Smart-seq2
f84591b1-3702-41ff-bed1-ed87141a7130	Smart-seq2
fa791476-f64f-4deb-8453-63bd48c8fc17	Smart-seq2
fad6f515-807c-4de9-a49b-93ac9b017219	Smart-seq2
fd0ef850-bbfb-4769-a771-07f437c3d632	Smart-seq2
fd484983-67a5-41d0-aca7-357c511fc47d	Smart-seq2
fdb45f17-92fb-4fcc-bef3-ea6da8584cf7	Smart-seq2
ff0f4028-05ce-4975-be4b-2a4d5ee05215	Smart-seq2
0150b3f4-2297-4d54-91fe-1fc426f7d7a3	Smart-seq2
01bd1bb2-bc65-4cfa-a757-8ddcae5f6fd0	Smart-seq2
01ebe271-c809-4391-bbc1-1e912999f8a5	Smart-seq2
049a96fe-0543-41c6-9077-8fdf6c67a383	Smart-seq2
05429ebd-05f3-4cd8-8f45-4c525f594884	Smart-seq2
0697ce2c-abbf-4041-8cb7-4f12e6276999	Smart-seq2
06fec640-4ce3-406f-8765-0c5e92a577be	Smart-seq2
07060708-6b6c-4472-88b9-447b5c8c5541	Smart-seq2
0905a08a-00ea-4bb9-8845-23ef9dfb8b7f	Smart-seq2
0a3f166b-d172-4a9a-a9f5-7228c437b00d	Smart-seq2
0a41d16e-f357-42dc-97ac-46194689c1a9	Smart-seq2
0b3a7289-7f35-4e7d-ae17-e6c1ec087bb9	Smart-seq2
0b6d3c38-7cac-4881-808f-272494db4b2e	Smart-seq2
0b7c9877-edab-4c3f-b25a-781d4e888462	Smart-seq2
0c090fc3-d23c-4313-a7e1-e1ea5b6d6784	Smart-seq2
0f56c973-97eb-44b3-8a45-278cb86f618f	Smart-seq2
13205660-3d04-4811-83ac-5caebff53ed5	Smart-seq2
13e5c624-6bdb-4ff3-8434-5c18fdc38e95	Smart-seq2
13e8d867-3b60-456b-a05f-cc27b4e4ef46	Smart-seq2
140c0c5b-0f2d-4637-9666-2ba88cca449a	Smart-seq2
155ea67a-9ade-4085-a471-c2b3ae3cfce2	Smart-seq2
15bbcc32-5c11-4c4b-a3b2-f1808875c1b9	Smart-seq2
17c45391-b3ae-41bb-a1e4-d763c09442bc	Smart-seq2
1902b721-ab10-4a0b-acb3-64c9aac446ac	Smart-seq2
192ffda0-2d5a-4766-9656-5d9b60d0f170	Smart-seq2
199f2bc4-58b4-4342-8dd5-ef18b91a8901	Smart-seq2
1a8aa8dd-7f71-487a-a15b-5a245675e7e8	Smart-seq2
1b33310c-3239-40b9-8e05-2aaee064d878	Smart-seq2
1c1606de-77c4-4090-8e02-d5727560819e	Smart-seq2
1d8e6099-3a89-4268-b52c-528fdefb5ead	Smart-seq2
1da32ebd-9878-418b-b3ab-39b8dda9837e	Smart-seq2
1e259d51-5faa-4bd5-97e5-2ed860e71527	Smart-seq2
210673c9-5115-4391-be24-1183e4a32544	Smart-seq2
21f17f5e-9f88-4ad9-9863-b229adefb9e3	Smart-seq2
22dd9979-2c8f-41df-bb86-361501c934f7	Smart-seq2
24c3dbaa-98e1-4cb1-8614-66e89c19741e	Smart-seq2
29b1661a-10c1-4928-bdad-949c7c770b72	Smart-seq2
2b1d9e45-f6bd-4194-a210-a51e160cb4f2	Smart-seq2
2b82a9bf-05cd-4027-9eb4-59145e5be9a7	Smart-seq2
2bcad169-7b3d-466c-801e-72ee6510496b	Smart-seq2
2bcd606e-5f2e-46dc-88b3-2653c447c0f2	Smart-seq2
2be43421-ac4f-4cbe-b16d-18e343fa8742	Smart-seq2
2cc0d2e6-0c87-49b1-b18c-82dd7b012f91	Smart-seq2
2d5c2d71-bce6-4fd8-9168-ce62462abd2f	Smart-seq2
2fdeb03a-00d9-496c-9f1e-d7cb164a10b6	Smart-seq2
2fe380a5-d38d-4476-929f-d60c9de14515	Smart-seq2
31cbaacd-775e-4fbb-a2b2-a38a2153d0ea	Smart-seq2
367b4bd9-92ba-4520-8572-7c12b1a272f8	Smart-seq2
37711199-7638-4703-9b5c-693fbed2d8ea	Smart-seq2
38929e9a-d218-4ece-b676-c1e583583512	Smart-seq2
3aa3a998-5a38-4218-82d4-21fe44026287	Smart-seq2
3abfd93a-87a6-4161-b329-0048525713bf	Smart-seq2
3b10d8cf-86f5-471c-9760-e07fff3f713d	Smart-seq2
3b26a003-e19f-4faf-9ddd-780f7a2fba30	Smart-seq2
3c3c629c-1791-4982-87e7-c33f09037bc5	Smart-seq2
3cf40751-8d45-496a-9347-264cec4f52a8	Smart-seq2
3e198756-ff79-4da7-a67a-bb6412fcc1a0	Smart-seq2
3e645621-b4d7-4833-93c1-16092227a39f	Smart-seq2
3e6c3330-df24-4f60-a296-e9a4968465c2	Smart-seq2
3e833c5d-893f-43ee-ba19-3a89a8de0656	Smart-seq2
40fe4fc5-72be-4ea7-b99f-f4446a9318f4	Smart-seq2
4166e2ac-329c-4a63-b94f-4da7e6cd529f	Smart-seq2
42d03bd3-0503-405c-b8ac-5335fb455805	Smart-seq2
43288b73-9aa3-4b3c-8de2-9602148102f2	Smart-seq2
4330e403-5cc2-4555-b5e4-4b25761f3145	Smart-seq2
43d3ea21-42c2-438e-b8bd-dd50ea9855b7	Smart-seq2
443c66d0-ac5d-4ee3-922b-c921fe78f4fe	Smart-seq2
44e899b6-96b6-4fc8-a835-e908b6df4974	Smart-seq2
4733aeb3-c2c4-4d1d-be5f-ba0fcf943f96	Smart-seq2
473b08bf-547b-4a9a-be73-9bc0a7ba3b56	Smart-seq2
49a549c9-2c04-4cf1-9c88-84c1844caebe	Smart-seq2
49ac880f-f410-4b87-88da-1fe82ebd8c27	Smart-seq2
4b82ae2a-3aa5-4d77-949c-25e0dece3890	Smart-seq2
4c00ee57-3ada-4857-8fea-e297253a8157	Smart-seq2
4c19f472-c992-4382-9023-3efe082e0db3	Smart-seq2
4ccb1ab1-f441-4e03-8cf1-5021f587e400	Smart-seq2
4ed1f6bb-c8b0-4d75-83a6-3f945dca9db5	Smart-seq2
4f47844c-04f9-4427-9c93-1312a6770d08	Smart-seq2
50752221-9c52-49d6-8838-07660ae8d1db	Smart-seq2
50a6de0f-b070-4690-bcb7-212ccc988221	Smart-seq2
51e28c2e-de77-4bbe-97f1-f9131d4e11ee	Smart-seq2
528af011-3962-427e-b7f6-c7357354505c	Smart-seq2
534a7d09-8ebb-4011-8d1a-cd763eea4d75	Smart-seq2
559c2f8b-fc85-4d55-9418-ee3c315f235d	Smart-seq2
55bda6cd-3211-4c41-8c6e-55b3c9c04cda	Smart-seq2
56ecd197-5d6a-4972-a759-0d66a2afeb1e	Smart-seq2
58a5dd21-996f-4878-89a5-653022a0dd00	Smart-seq2
5a389555-4d1e-4cce-9ac9-6dda77e22082	Smart-seq2
5c06df2f-8fda-4bdf-8257-05f753bda93e	Smart-seq2
5cc490fd-cd62-48c0-83aa-04390eb5dd90	Smart-seq2
5e79160f-9f58-46f2-a53f-1c7215631861	Smart-seq2
5fbe36a3-2cd9-4977-ae86-9f9d6c67545d	Smart-seq2
60f1df7c-8493-43cc-861a-936f5205c9fc	Smart-seq2
63646f04-5298-49b9-bd43-ab09362a8837	Smart-seq2
63ded2ad-4e30-466d-8865-91cd55da7837	Smart-seq2
6468724e-a95b-4307-9cc9-c016f1297453	Smart-seq2
677aab0d-9269-43c9-8aa1-54f13517a1a7	Smart-seq2
6b6f801f-d6ec-4110-927e-43834deb5cca	Smart-seq2
6e92582d-e93a-4af6-b8d6-a19fa5f48ab9	Smart-seq2
6fd664f9-99d7-439c-b41a-1f49bb7b5a5b	Smart-seq2
7019ffc5-1d88-4018-a20f-9e461ba84dfe	Smart-seq2
72f816c9-e531-48a9-9b9b-23c5ab4e8989	Smart-seq2
73525733-0102-4d99-9193-42ed28d839fe	Smart-seq2
749cea02-3994-4581-ba53-5583d3437208	Smart-seq2
74aa6ce9-dfbc-4138-b003-934b681c2cd6	Smart-seq2
77a864e4-8dee-4d2b-8621-42429c356c35	Smart-seq2
78441a17-ce83-49ac-b42e-419ba2a22d09	Smart-seq2
78f5dd6e-0337-4a3f-bf5f-264b94e7b3f0	Smart-seq2
7ad7380a-ffd4-4e15-aa73-aa8f1fa15844	Smart-seq2
7c1cad46-b514-49ca-b88b-f5535f9bbadd	Smart-seq2
7c71c8a0-c3dc-468f-8b69-d467b9a9a104	Smart-seq2
7cc57120-99ee-45c9-bc62-5f638ebce3c2	Smart-seq2
80941069-6747-4120-97e1-b09fcc4b95b5	Smart-seq2
80a9e6c1-b043-4473-8ea8-762cac0c7d93	Smart-seq2
8404c2a6-6bb8-407d-b1fd-8a6a2565908c	Smart-seq2
848f6e94-d13e-4205-b0a6-7639b3c1777c	Smart-seq2
868be37e-b1eb-48ee-801d-d46e97044ef4	Smart-seq2
872aaa8f-bfbc-4047-917a-ed7d4ec4ac98	Smart-seq2
876fd861-ffe3-45cc-9b63-db7371e16792	Smart-seq2
88c1e881-6b41-4720-bbcf-354aeb1b5a8e	Smart-seq2
8916c48c-00dd-43e6-a998-8d167a5e4299	Smart-seq2
892a9b26-15f0-4a47-aabb-26ca936108bf	Smart-seq2
896b7dfb-65fe-49c2-9083-675541f7cbe8	Smart-seq2
8bf877f3-9d3c-4c52-b019-e69f0993d383	Smart-seq2
8c0fec9b-9776-44d3-9423-a67148c5a7e7	Smart-seq2
8d065c38-f852-499a-ae4c-232364149c4a	Smart-seq2
8d6635ca-6697-4646-bb4f-4c60943eb5fb	Smart-seq2
8f5593c4-92ac-4096-9f26-207cb616b12b	Smart-seq2
90d3ad93-aad6-416b-bd3b-65e5e4c7e836	Smart-seq2
92e30963-bcf1-4057-a32f-233274b5da32	Smart-seq2
92eb1385-0480-44f5-beab-5eff56786fec	Smart-seq2
943db4f1-4e29-4010-8d37-4bea6d0e10a8	Smart-seq2
9576b57a-1c74-4e82-aa66-8a2893eb3483	Smart-seq2
96be6ef9-0df0-431d-8153-6227c0007256	Smart-seq2
9764db84-f93e-4da2-88ca-a6ac440f66bb	Smart-seq2
9804b36a-8b96-4289-9dfa-fc5dd5ff3e4f	Smart-seq2
993485f7-0406-4a27-8960-c5ee51de2d1d	Smart-seq2
9a979959-26ca-4982-8b5d-705c836bf138	Smart-seq2
9bc6648b-2878-4509-82ec-ed81bcaaffee	Smart-seq2
9c65f16c-1930-44b2-9bae-3d928d1102f0	Smart-seq2
9c7f19d8-4c8c-4a78-91a7-5d64550e93d7	Smart-seq2
9e88159c-5cb1-48f4-bb70-58e8f84611c7	Smart-seq2
a04bd6da-16bd-4fab-b1af-021389d6efd0	Smart-seq2
a09090f9-7dc6-4786-9fe9-678260e4b07c	Smart-seq2
a501d4c2-7973-45d2-9f18-aadc8f98cc9a	Smart-seq2
a7a19e95-97ca-40cd-9b49-656fea48ac25	Smart-seq2
a8889185-2581-478f-b3a7-928683e1d0e2	Smart-seq2
a8ad37cc-4bfc-472c-9f66-37b706ad8f68	Smart-seq2
a8f52a47-50b2-4fc3-ab51-4f6a7e052257	Smart-seq2
a9db1fdb-c55a-4f54-864b-0a7d02a71363	Smart-seq2
ac87b4f4-34a2-4261-99be-939771f03fad	Smart-seq2
ad845c81-e641-4e22-8b36-eb24ef3b73f0	Smart-seq2
aed167d2-6476-4323-bf9c-c0f64c3194a7	Smart-seq2
af19e10c-cb1a-4381-8a04-c060906f029c	Smart-seq2
b0d389ad-938d-4724-a7c7-6862760230a5	Smart-seq2
b39c1a2d-1c32-4d61-9371-385da33be79b	Smart-seq2
b3c2dcf3-98fa-4f6a-aa9f-e0b05c4de9b5	Smart-seq2
b6862348-05eb-46d7-8de4-895fa010548a	Smart-seq2
b686b71d-4b16-46cc-8a69-ee1911ee7557	Smart-seq2
b7b5529f-18e5-4bf7-aeba-9aacb123d8bb	Smart-seq2
b8a9232e-4eef-4d55-9681-dcdf54ccbbab	Smart-seq2
baedc42e-7f52-4151-aa35-0db800196f91	Smart-seq2
bc918d06-98c7-447a-9ddc-b7fddbe31cab	Smart-seq2
bf4d0fca-1809-4088-8f89-6ea250b86e63	Smart-seq2
c01b560d-3742-4e71-8734-3ed2d2d4bf4b	Smart-seq2
c23770d0-dd92-44fa-a644-0e33b0aa10b0	Smart-seq2
c23d58a6-ba39-4d31-9ee2-7cb69ad4ca00	Smart-seq2
c25c46aa-ecb5-449a-b5d6-3e0b7037e8d4	Smart-seq2
c37153a9-8c5e-4837-8715-47e9cd321e5b	Smart-seq2
c52d12ef-db89-49a0-a101-17d82f624a0d	Smart-seq2
c6cb0bf7-5ca6-441d-92f8-a3d3dacf980f	Smart-seq2
c7e3a55d-430a-4317-8c33-fdfa928a95db	Smart-seq2
c9697c58-f7b6-4605-9fad-3b8649cd4653	Smart-seq2
cae6ccf2-4b89-4791-8fb0-b8b8d12ef9af	Smart-seq2
cd705e59-cd3c-4019-80cc-c6c6770dfbbf	Smart-seq2
d0313748-3a78-4742-98ec-cae8b57e4423	Smart-seq2
d061de1b-9fc8-4b76-858c-75bb82f39ac4	Smart-seq2
d2616e99-15a6-47af-8f11-535823fb256a	Smart-seq2
d29485e0-380f-4e2c-9c2d-8e4e5ac4975c	Smart-seq2
d384fc9b-2bf7-452e-94fc-e6a2254bedca	Smart-seq2
d3c7c808-5ff2-4b43-8b74-5003bdbaf592	Smart-seq2
d5a87fab-d35c-4919-b23a-cb1761d607f7	Smart-seq2
d60bdda9-40e6-4869-ac7b-34a8473ed981	Smart-seq2
da536e51-7fa9-4f8c-84da-faa9fb0a36c4	Smart-seq2
da5959ab-df6e-493b-aec4-5d2a15b2e1ab	Smart-seq2
db4c16b6-5ce7-4357-8e67-c680ac182215	Smart-seq2
dc261095-f1fe-4b88-b61f-c2710a0a9480	Smart-seq2
dcd05e98-633e-48a3-970b-cbf562631e4b	Smart-seq2
df4239b1-1dd2-47a0-8396-270ea9e0ba8f	Smart-seq2
dfe89bbe-2ce8-4f1b-bd77-1aab739c3782	Smart-seq2
e1ad3579-4776-4e79-96d4-bb1c9aa059b8	Smart-seq2
e39207a3-8f2f-47c1-97e5-302478b5f51a	Smart-seq2
e4ceca4f-e09f-4f4d-ad39-ba71b9a5e9a3	Smart-seq2
e4da767f-b7bf-4c17-a824-998f1a37da35	Smart-seq2
e73fc897-466b-45b2-b270-1ea753915739	Smart-seq2
e7d8bb4d-5ddf-4461-aeaf-b544bdd56646	Smart-seq2
e93cc706-8e6d-4886-b37b-efba3e070232	Smart-seq2
ea2d3c9a-9d36-4d0a-9f4d-90f087b34205	Smart-seq2
ea86224b-3c05-4389-bc30-966941e43571	Smart-seq2
ed72ac98-80eb-4979-8b4c-846a1b87136a	Smart-seq2
ef95fd58-1d19-437e-9558-653a1b86b576	Smart-seq2
f0245e66-2267-409f-b71a-b825b9bedc44	Smart-seq2
f20ddc0b-d3af-42b7-a26d-d591ca18a4c8	Smart-seq2
f240af52-c34a-429b-9e05-2b9807bf1cab	Smart-seq2
f2b1178c-e8b1-4527-b3e9-ad3ea905d69c	Smart-seq2
f2bfb800-1ef5-46b5-8ecd-f2c17c04ffbf	Smart-seq2
f2c97778-17a1-4d16-9073-ed38011119f4	Smart-seq2
f4d443dc-4b7c-433d-a22b-b531db091160	Smart-seq2
f4f971d4-d65e-46e2-8162-d55f3b6596ab	Smart-seq2
f57a4348-4b73-405b-abe2-63847eff6b60	Smart-seq2
f63318f8-a1b5-442d-9361-4b1204effb72	Smart-seq2
fa2b6bee-d6d4-47a8-8cd8-2396ffbeaa3a	Smart-seq2
fc424237-ef98-4910-832d-6eceb4a5f25c	Smart-seq2
fc71028e-ceab-4369-af3c-80a6362afbe0	Smart-seq2
fc75465a-8beb-42d0-aff5-d5bfb521e164	Smart-seq2
ffc76f5b-7c1c-4c77-b70e-5cad8d81dd3e	Smart-seq2
01632042-fb73-4cb9-bcef-f0efe99fbf1f	Smart-seq2
0168f02c-06f5-4052-9b60-d8530372c64c	Smart-seq2
02388231-9e03-4935-90f4-281c923a4f93	Smart-seq2
0254ea0e-e77d-4f0c-9680-5852f8b2ec37	Smart-seq2
0356be6f-42ce-4b3a-aa46-8fa27ed98162	Smart-seq2
058f015b-df68-4595-ac31-c791bc85ec59	Smart-seq2
06d4bec2-334a-482c-b066-49ff7270a8b6	Smart-seq2
0821c52e-70b7-461d-9721-19c07c4abbb8	Smart-seq2
09831674-c940-41a5-8d07-52e420077534	Smart-seq2
09c439db-cb27-4c8b-81c9-8ce05b3f203f	Smart-seq2
0cde79bc-0e54-4675-b34a-d9319dbe808c	Smart-seq2
0d143f7c-c0f8-419f-a015-0292e722ab14	Smart-seq2
10890ea0-125c-47d3-b6b8-7d0f355a0ae3	Smart-seq2
110e5da4-665b-4790-bcc3-3993fa205d01	Smart-seq2
11da52f5-e574-4e2b-a756-d344419029a4	Smart-seq2
11f84196-1240-4b33-a902-f49caf2dff11	Smart-seq2
149ebe5e-36ae-4748-b75f-bab17c32a928	Smart-seq2
1609d4af-b60f-4985-b208-cccc376e4f53	Smart-seq2
1940153d-14ec-40eb-8371-0be850b11d7d	Smart-seq2
198a2d78-7be9-4096-a1a7-5696994d89eb	Smart-seq2
19f61f8d-85c7-4953-9518-a3f421cb7504	Smart-seq2
1bce1cab-68a9-4368-b7fa-4c20907641ab	Smart-seq2
1da3bf50-b88f-4dce-bc6c-9fb471627e17	Smart-seq2
1f1a4fb1-5ca6-49ee-b2fb-b9abc75391f7	Smart-seq2
1f8227e4-49c6-45c9-9923-1052601f2340	Smart-seq2
21f98a39-f8ad-45bb-b147-dac47c6bdd20	Smart-seq2
24176a55-5dba-4b9c-bbd5-3c3dc1e3b997	Smart-seq2
2b443a36-0569-4f40-a520-7a3df0be6995	Smart-seq2
2c2e394e-4361-485a-a1f1-88f88ecc686e	Smart-seq2
2fbfcd1c-eda8-483f-a57d-34387f749107	Smart-seq2
33123cd2-9663-4d8c-ac12-557a7e085f00	Smart-seq2
34145f7b-cd56-4169-b23b-440b6dc81cf1	Smart-seq2
346c71ce-2f2b-433c-9ceb-b267222c0154	Smart-seq2
367844bd-44ab-4beb-8229-5282b0d74f13	Smart-seq2
372063e8-e71a-419f-8adc-4b1bb5035971	Smart-seq2
3770a78a-cb5c-4d44-ada7-ce9ef5fed8bd	Smart-seq2
386130d5-7e95-4e67-833b-41e3541ea05e	Smart-seq2
3ac17ebd-d280-412e-975f-9fb599e9dce9	Smart-seq2
3cf3bffa-adec-4647-964c-913397f0a155	Smart-seq2
3d79c1c4-4176-4efd-8923-79abe92aff0d	Smart-seq2
3ebb1ca6-a591-4edd-a389-6f683cbbabf1	Smart-seq2
404b1a0a-c59d-48d8-b987-d8409e8c76e0	Smart-seq2
408eb66d-bb9c-440d-9fd6-4895b35cee72	Smart-seq2
41af1f36-d663-4a02-bfc4-bec63e3809a6	Smart-seq2
41c6d3e7-c217-41a6-8d9a-9fa68069bda1	Smart-seq2
420b9727-0e8e-42b2-b835-b055ae47c7c0	Smart-seq2
433f53c7-ef34-4e43-8e8d-206fbdece265	Smart-seq2
43c0973c-407c-47ec-b831-382f8ed775ec	Smart-seq2
442a7a98-fe23-4499-91bd-de5460ed7a7f	Smart-seq2
44fc73f8-2cdd-4946-af03-c36426b42e7a	Smart-seq2
4525ffed-f800-4c44-85aa-3d43c929b655	Smart-seq2
45d6d4ca-0753-49ce-9468-064fbc66b458	Smart-seq2
460bac35-f065-4283-a5fa-58ba1c55b807	Smart-seq2
470be895-f5b2-4913-b76f-4081a8dde82a	Smart-seq2
4c0bcace-5974-4086-8c51-479fb43b6294	Smart-seq2
4fc9ccc1-4cb0-401b-ac2a-4aa9cf47a8ae	Smart-seq2
52de5ef8-f0b1-4960-bdac-951203d46e9e	Smart-seq2
53a333d7-de7d-421e-8232-c76169ac1389	Smart-seq2
5477d62a-dca9-40aa-a1fd-08252d5917eb	Smart-seq2
54cde35a-546a-4368-8b0e-616d82a2538a	Smart-seq2
5588e507-e2ac-4102-a9d8-3191967aa632	Smart-seq2
55a96bcd-33da-460f-a84a-45da20baad45	Smart-seq2
5985807c-e571-452f-a22d-59f1c8854424	Smart-seq2
5ab4c7f0-048b-4c6c-bd85-aa1495777443	Smart-seq2
5be95733-31c3-4c23-b60c-4433d4da0eaa	Smart-seq2
5d917f06-014b-462e-b985-6d01380e5b37	Smart-seq2
5e2a9d24-fcab-4aa6-bbee-f531a2bbe699	Smart-seq2
5e703f3e-51c0-457f-aa57-10c7aa3fce5b	Smart-seq2
5f22b43a-e3e6-4dfd-88a9-4cb9b5f00523	Smart-seq2
5f2d2383-b842-46c7-9d0a-3e7c257117ed	Smart-seq2
607942cc-e9b9-42d6-b8b0-3fe995bb8e63	Smart-seq2
61dac796-2257-4697-9a6c-16edd1926214	Smart-seq2
626e55e1-0870-4627-a905-d536adda5053	Smart-seq2
62acd86d-b405-4d3c-8b76-0b4a81200bb6	Smart-seq2
62c94291-e66e-4de1-86ae-fe502ce88347	Smart-seq2
6332ce80-8fa4-4931-ba36-b031a43f576d	Smart-seq2
654725e1-a122-44f9-bed0-1c622af886bb	Smart-seq2
65758d27-7e3f-4e30-9fe7-367475ee0844	Smart-seq2
694e21d6-d607-4356-b0fc-547e57308619	Smart-seq2
69b9ed9c-4b50-4d10-a3c3-7e1f9fd2b5f7	Smart-seq2
6c42d0d3-db8e-48e0-a126-65ac2222e29c	Smart-seq2
6cea97fe-8faf-4968-87b4-9f8fe35ae8b9	Smart-seq2
6cfb4547-0407-477c-bf4e-7c4d7d583e04	Smart-seq2
6d6b30c2-a81d-44b8-98d3-517c3e468d83	Smart-seq2
6e87dec4-5dcd-43c5-b6b6-756910c766a4	Smart-seq2
6f9a1623-7882-4c5d-a057-83f257c3468d	Smart-seq2
70224891-b70c-4f16-8ebe-ecb84e756ca2	Smart-seq2
709766ff-845a-4a49-b142-632ca5c27804	Smart-seq2
74fb4c63-913e-4e8d-b841-b7d7fc2c7bdf	Smart-seq2
77baca4d-fa50-4e17-8834-e2d7f5c254d8	Smart-seq2
77e1becf-3f0b-4d55-9d3a-e352bd30255b	Smart-seq2
7bae0e7c-5a67-4d87-ab2f-54e3588dbaa4	Smart-seq2
7ed580c6-40a0-40f2-a768-9a71b9d465c8	Smart-seq2
7ef89dad-74a2-40e3-93f7-898cf9f663fb	Smart-seq2
7f8a6e79-3c3f-4ff9-8d73-b10d1fb7b77f	Smart-seq2
7fb04a33-9436-430d-941c-da7e5692d7c6	Smart-seq2
7fc7697f-8ea7-4f51-968b-946aa3cd53b2	Smart-seq2
7fd60330-6495-439f-9f32-bf93755f770e	Smart-seq2
804b8777-8892-4806-9c6f-293eed30139c	Smart-seq2
80ece60b-db1a-42b2-ab43-f44017631236	Smart-seq2
83c47d98-0b2d-4745-a590-af38cb9aeec4	Smart-seq2
84aed158-dae8-4156-8598-f601f919e85d	Smart-seq2
869c0bf0-b038-44f8-bcf1-2abf1a571044	Smart-seq2
869fba87-9666-4fd7-8761-638c75718a40	Smart-seq2
874f97be-c4d3-4558-b073-30bc2a38ef1e	Smart-seq2
89fe8a94-c181-48cf-a7f9-ddc84ab7f12f	Smart-seq2
8a0d33d4-ce77-4d7a-a89f-8178675803f4	Smart-seq2
8b021dba-1ca0-489a-8d3b-9182a03ab9e2	Smart-seq2
8b2a5925-aa50-4ecc-93d9-7fa8915e8c9f	Smart-seq2
8cd1c391-2717-4ca1-9594-521241ba9628	Smart-seq2
91505fde-cbd1-49ef-aa1a-07e804bd4997	Smart-seq2
91ddf131-a10d-4652-aadf-e6f7eed57fff	Smart-seq2
92f7ecd8-4726-4e87-a012-1ecba1149d94	Smart-seq2
93010a1f-4412-4b8b-aa7a-e8fd92d52b6d	Smart-seq2
93810fcf-b97a-4468-80fa-d2b6db97306d	Smart-seq2
9479f181-bfde-4928-9f40-504fc4d4d415	Smart-seq2
94cac49c-e624-4ec9-9f58-04e565670152	Smart-seq2
953aa278-8f98-4f1e-bb31-ffa3b06cdfd6	Smart-seq2
96686a4f-2da4-46b2-9c9b-0eaf689d0b78	Smart-seq2
99a900f8-934f-491b-97e6-7804af52f920	Smart-seq2
9a0f597d-80ef-4888-a6af-a410d6e476e8	Smart-seq2
9e243347-7f82-496a-844e-80889100734a	Smart-seq2
9e70013e-ad19-4509-9f03-8705fcfad038	Smart-seq2
9f50cd73-b169-49d5-bbc0-f76c060d9200	Smart-seq2
a055e36f-ed0a-4f23-a0db-411de32639cc	Smart-seq2
a4783015-b155-4993-8a96-4ee65b31367a	Smart-seq2
a4ef1ea3-cf9a-4f40-957f-e3eafaef5159	Smart-seq2
a70b793f-8085-439f-8c01-e2f9ffd4b477	Smart-seq2
a9059720-1e38-48d7-b24f-5e554b52eaa3	Smart-seq2
aac807a4-f1ad-478a-9a60-85e6ad1f5fc4	Smart-seq2
ac30040b-6f46-48ad-9282-706b83d29518	Smart-seq2
ac49ecc5-6041-44a0-9d8e-de93fdbd19f7	Smart-seq2
ae6cef39-f96d-4802-aa72-4115885aa2bf	Smart-seq2
af0fa57f-b730-44e5-903d-47aaa16d30ea	Smart-seq2
b062118b-a652-4bd4-ae92-0b8cb38973d1	Smart-seq2
b110b40b-58c8-47f6-a594-dc8230ab51e9	Smart-seq2
b15c4d03-7682-4635-a0ea-23b0bf52ab39	Smart-seq2
b25cb233-8789-4cb4-b041-da562f9901f7	Smart-seq2
b7f8f378-a6be-485c-a5fe-43a1c668d66f	Smart-seq2
b8c61bc8-4c03-4552-84b5-0833ba87e277	Smart-seq2
b9c4e3a1-c7db-4095-b9df-b346c3a88151	Smart-seq2
bbeaee0e-1544-487d-a257-0394b14702e1	Smart-seq2
bf71de2f-3ae5-47c8-b034-b617a534646a	Smart-seq2
bf78b19c-ae34-4c89-b2f2-cacd0873838b	Smart-seq2
bfedb980-0c89-4957-b2ed-4a6eed8a1380	Smart-seq2
bffe6679-7475-437b-8083-a448c34d216c	Smart-seq2
c1465b8e-c1aa-4c78-8ab5-f723aa3f1793	Smart-seq2
c1543ba6-2a16-45ce-87a4-b6d4a3eef853	Smart-seq2
c2451d8c-88c7-43c7-a35e-c435f218e885	Smart-seq2
c3521cd6-4849-4dba-b6f2-d01fa74a4c50	Smart-seq2
c42b42fa-7b43-4569-ab4a-a995689864ce	Smart-seq2
c5126c19-1130-4a51-9bdb-9c23220b449b	Smart-seq2
c5fc1f32-990d-4fc1-ab5a-30a653be91de	Smart-seq2
c7f9370d-89f1-48fc-aefb-8f34ce70ef89	Smart-seq2
c9dc8613-6d8c-4978-b75c-d3e33695160a	Smart-seq2
ca0d6f79-e105-447e-bdb3-2310b6f05004	Smart-seq2
ca6cbe25-873e-4b29-a3a1-95d4a1860ba4	Smart-seq2
cb3acd29-f3c3-499b-8659-3dd01847cc0d	Smart-seq2
cb60fba8-21f2-4cc8-a052-e07c2a8aa0b8	Smart-seq2
ce300811-c6d5-456a-9e15-8ec4e9ec2516	Smart-seq2
ce923693-ebe0-410d-93bf-cc607542d099	Smart-seq2
cf495e33-5ee3-4079-a341-d52e06c4c093	Smart-seq2
cf782a67-1cd1-4e50-8d7a-38932cd128e9	Smart-seq2
d03e9884-7937-4b95-9560-886450766ca4	Smart-seq2
d04e0329-217d-436d-a9ac-b1b3fbe2dcdf	Smart-seq2
d0878d90-9129-4f04-b3a5-eea5fdb1222d	Smart-seq2
d0fa50e9-5a25-494c-a923-b53089fefb27	Smart-seq2
d13ef29e-3e47-46a7-a680-053284ae3353	Smart-seq2
d1d282f9-c629-45c5-91d7-0d22dc7f7d1d	Smart-seq2
d3050c12-a029-4abe-851b-d97237b68ba7	Smart-seq2
d454aa92-c8e6-465f-bbb4-dd590ba48231	Smart-seq2
d4a1b0ff-5bb8-4728-bc7e-6d3e4b3bd09a	Smart-seq2
d592ad40-6024-490b-ba91-483c1d2cc1b3	Smart-seq2
d70c6f84-dc03-40d5-95b6-3ae9c10a3749	Smart-seq2
d9650a98-1aa4-468f-9cc6-5a182d4c789b	Smart-seq2
d98c24a9-247f-407e-b07a-11b50ed96f91	Smart-seq2
d9a058be-ffce-4d55-a752-9730f1142b99	Smart-seq2
dc3f0973-237b-4b7e-998e-06ddf048fbc4	Smart-seq2
dd0b4bd8-f425-4f74-98ca-bc2a780380d5	Smart-seq2
ded2ed32-c332-4dde-9049-1f0d942f1f1b	Smart-seq2
e074dfb9-bca5-4de4-896a-ce741e135a41	Smart-seq2
e0a58ff0-280e-42bc-96c9-88598378fe81	Smart-seq2
e1da1199-9dd0-4514-946a-2d603befab4f	Smart-seq2
e40e3b47-9920-47d2-904e-0bb762466e56	Smart-seq2
e4d4cee5-d0b8-420d-bd36-e0c66f88ea40	Smart-seq2
e5ddea7e-33b9-4742-9b0a-f53e4aff242b	Smart-seq2
e8dddd6e-82d2-4b29-94ba-460a2ae4421c	Smart-seq2
e9ee9e7f-a567-4921-bf52-e0f5db7e2787	Smart-seq2
eadc4140-352e-4524-b4f2-0e758b0337a0	Smart-seq2
eae26275-4d77-4cc0-b0ad-10f70bfe0c59	Smart-seq2
ed6a9bf7-6ac2-4618-abe1-5d865d6d083f	Smart-seq2
ee5b3ce0-4f1c-44f8-9e6e-44b888502585	Smart-seq2
f0a4f855-4d4f-40ef-8074-e8a3590ee59e	Smart-seq2
f4ba09c2-b72c-4ddf-9166-9e5242cd22c0	Smart-seq2
f6970151-2275-4571-aee2-fa508586ba93	Smart-seq2
f9b774f4-8dfd-4a9a-9961-f1bcc33c234b	Smart-seq2
fa325037-c8d2-423e-ad02-ecb95a90c817	Smart-seq2
fa4bb4a4-14dc-45bb-b285-6713696cc292	Smart-seq2
fa897ff3-4080-4e90-997c-9b706c786c9c	Smart-seq2
fb577343-3fd6-4105-bda8-439524bfa3d0	Smart-seq2
fba8abd1-30e1-473e-b002-719b9e214ba9	Smart-seq2
fde6c60c-0dc6-4b1b-ba45-05d49c8f0ffa	Smart-seq2
feabc546-8dbf-4afc-bbcc-d3afe3596cb5	Smart-seq2
00966e7e-bd40-4e2b-8947-11daa07f4508	Smart-seq2
00aa70ed-e212-4c6a-801d-8eda17242514	Smart-seq2
012cea0a-07be-4806-983b-695528f2a7bf	Smart-seq2
0133951e-6e0e-4dba-8df9-ffeeb7d44e2c	Smart-seq2
01b72ee4-0b79-4e2a-a43e-11250907d6bc	Smart-seq2
038d32f1-5f92-4113-8bf8-c581deea6b9c	Smart-seq2
04344290-4a74-4262-86ff-e36b70e00de7	Smart-seq2
06587042-292c-4037-96ea-a658ad07eefc	Smart-seq2
072e1c10-4bc2-4e6f-a157-92c07b426dfa	Smart-seq2
07b3167c-998a-4aa2-a234-e67859358ee2	Smart-seq2
08c95036-3edd-4b04-b31a-ea3603adb431	Smart-seq2
08d3f981-310b-43a1-a38d-9a8ba26c73f0	Smart-seq2
0b3c0997-6fc7-48bb-b933-8434fbaa8a94	Smart-seq2
0c6de45a-cfaf-4eae-b50b-65457bed4bcf	Smart-seq2
0e5d109d-0697-464a-901d-6e59d3e0f69b	Smart-seq2
0f98ec46-7954-467a-b391-7c25fa5a3d7c	Smart-seq2
11849f23-bdee-4201-a744-db76b5cd60bd	Smart-seq2
1188e092-69bd-465c-948d-3046c144534b	Smart-seq2
11e350de-bda0-431e-993a-32e3bb584cae	Smart-seq2
1218744d-ae9c-4218-8c39-a2135aa33dca	Smart-seq2
12602d66-3bad-4737-a0b5-bbdc68873b91	Smart-seq2
138e41b3-2f13-48c6-9812-4ebe3b18bcbf	Smart-seq2
15652e6f-a092-4b84-9073-f1ac6f6b2ba5	Smart-seq2
17893e3a-0ae9-4c5d-bf01-dc8c76492060	Smart-seq2
182f997f-c78f-4c82-b3ab-051bbbc92f2a	Smart-seq2
186b2fbd-3099-43e8-bfdd-4378f9507095	Smart-seq2
1afa3ad9-fa5d-4a0c-80c2-9552d1b918d0	Smart-seq2
1d576ae9-fbfb-48c1-87f1-183c2531a25b	Smart-seq2
1d5cf107-3bca-438e-84dc-f16b171a7c79	Smart-seq2
1e584457-622c-409f-a29f-70df38dae286	Smart-seq2
1f3ece99-b55a-4e98-9bec-8290a0d7bddb	Smart-seq2
226d65f5-9e0d-409b-88ef-5df5e5d22df8	Smart-seq2
23940131-5d9f-4abc-93eb-d2ffdf54ba5e	Smart-seq2
25a19c98-de31-4c81-9a01-94db59cedff0	Smart-seq2
25e769b1-986e-48e5-a02c-230d53e6e858	Smart-seq2
27c3fe32-1b67-450f-8873-7cd5fa89074c	Smart-seq2
28af7b89-f856-4246-bf80-5cc87447f79a	Smart-seq2
2b26da52-f289-44b9-b3f4-9e75b705cfe2	Smart-seq2
2bcba540-59c5-4cb4-9153-1f740e7ad4b8	Smart-seq2
309449ad-5239-4214-986f-d86d4a5d93d4	Smart-seq2
317a0e4a-3665-4ea4-8f3d-7ec43ed55912	Smart-seq2
331e21af-6116-4138-ab10-6f18daf54a7e	Smart-seq2
332843ae-145b-411d-a5b1-c9a671bbb05e	Smart-seq2
3469b1fb-9905-401a-bec1-c9c9178a4343	Smart-seq2
35b16f47-927b-4455-a357-3650429d5011	Smart-seq2
36554c41-4a11-43d5-8594-6d1c02c1473a	Smart-seq2
36aefd4f-4ddf-44b5-a4a4-a2454fc9cf67	Smart-seq2
3731af3a-a3d3-4d0b-8336-d0a9e5de32a5	Smart-seq2
3aa23c2a-58b7-40f0-ab7e-b1396329fc0a	Smart-seq2
3acc333f-0ff6-4122-83cc-52ffa52576ee	Smart-seq2
3c14036b-db3b-48a7-8902-dfeaa8ea2d51	Smart-seq2
3c2333fe-6f73-45c0-91c4-95ec44d33bbd	Smart-seq2
3c46c35c-ec85-4211-870f-97b26ea50ee0	Smart-seq2
3ceb1938-d4bd-4c4e-9da5-8b5603fd47c2	Smart-seq2
3fb1fbe1-7607-4555-b994-7a767b592bef	Smart-seq2
4139e88e-3909-4236-b7cc-c8a5bca40d89	Smart-seq2
41966c2e-c782-4da1-8617-72b124881de6	Smart-seq2
42031909-16d8-4614-918a-f62d56d56205	Smart-seq2
429f97c5-ef7a-495d-9077-e550f504bd3a	Smart-seq2
45b9075b-6739-4f5c-a9cf-cdb01b328783	Smart-seq2
4632c842-5dbd-4b2b-b609-68d57511d569	Smart-seq2
46b9f4c4-03b0-4f6f-b8be-3b247839fb8e	Smart-seq2
47d0ab27-8bd1-400b-a9d8-5045fc17b4a4	Smart-seq2
47e82c33-146c-4918-bc0b-8088b2ac20f1	Smart-seq2
4a632eee-c157-4f28-a5b4-215479c6b56d	Smart-seq2
4de4e5f4-3542-4122-915d-fa7285b931f5	Smart-seq2
4debf645-fcd9-4587-b597-ceb2346e644d	Smart-seq2
4eb75002-3995-4084-a9b8-79ac0844ae3b	Smart-seq2
4febd4c9-bc5c-4a24-b26d-f9cf9f01d220	Smart-seq2
528a4f13-2730-4193-8e14-79d58971e556	Smart-seq2
5537c53b-6b3b-4430-9fca-5bd5a92057e4	Smart-seq2
57b4d59c-b593-44f8-bfbe-783f7fbe60e8	Smart-seq2
584acabb-af22-492c-a216-fd6b40f64f40	Smart-seq2
588f21f1-5afd-4b2c-918d-f661e254780c	Smart-seq2
58f06130-394a-4c83-92e6-c694acb4a0d0	Smart-seq2
596f78fa-b0bd-40ee-954e-d3a6a6e60a7e	Smart-seq2
59903c3e-f52a-4919-8863-54efd2f5e9c5	Smart-seq2
5b88965f-d07f-4850-9a00-931c16cf330e	Smart-seq2
5cd14012-0261-4ddf-9e18-184640203811	Smart-seq2
5cff9e79-31fa-4d76-b426-88bc4d5ab126	Smart-seq2
5dbab255-da56-4660-8170-1134b3d541a4	Smart-seq2
5e22a716-85cc-4e42-9ce2-b540220c2890	Smart-seq2
5fbcbce4-46b1-4aca-9712-9eeb57423e04	Smart-seq2
60faa24b-b152-4238-8d64-d9fc873b4eca	Smart-seq2
61acd120-5fd8-48f3-9fc8-353bbe479236	Smart-seq2
61e7b56d-5bf6-454b-a7c1-0bb26a8c4426	Smart-seq2
625f6fc3-02a1-49db-b69a-9f761c5ecfed	Smart-seq2
640a5112-3ed9-4bb4-ac7f-a6a27a4a6e94	Smart-seq2
64c169e5-4a7a-4b08-8179-e5f513b8cb8b	Smart-seq2
65bcdb4c-18e7-4ec2-bf43-007122a44313	Smart-seq2
65e34eea-40cf-48bb-8c53-73026522678e	Smart-seq2
6713a7ba-e0f8-4b7e-a368-b7f80ccabd47	Smart-seq2
67aedf1d-8a29-4df1-ae29-1ea94b0e2b99	Smart-seq2
67db397b-6b89-454a-a3c9-996b5c943de0	Smart-seq2
68d09381-d148-4d9a-8f75-06d441722dba	Smart-seq2
697c97c5-afaf-4471-98bf-bd018bc72385	Smart-seq2
69e7e592-b7cf-46ba-89a9-77b901a6294c	Smart-seq2
6c7dbe17-c459-496e-b1b8-02c48ac3d3bd	Smart-seq2
6d7001bb-ef0a-4917-81bb-22cae32e8a0c	Smart-seq2
6f4042d7-2fc4-489b-8d8d-a4de8738c96f	Smart-seq2
6f82cde1-c8b8-4cac-a130-807146fe8c41	Smart-seq2
734b7644-faac-4ee4-a6de-988ba7ca3cc6	Smart-seq2
73a3110e-592a-4e74-bc24-a0b68f691ae7	Smart-seq2
74ac1809-fbb8-48d6-a43e-6b2dcf86b2e4	Smart-seq2
74e05bc3-5d53-4062-930d-6991e23c3898	Smart-seq2
75dab391-d1cb-4ba6-a2c4-b3c34eaa8122	Smart-seq2
7617128c-8a39-4a16-8215-2aeac29014cd	Smart-seq2
77c1c438-62a6-4ded-8379-a2040fa26179	Smart-seq2
77d8bd7a-a76e-4215-a4af-8376353031c8	Smart-seq2
78bfb2fa-5c6e-4111-a3a7-1e1ae393f1ab	Smart-seq2
7ae312d4-b3da-4612-b1cf-d2c1e537227d	Smart-seq2
7cf81f84-a6df-46e3-8e8c-f3b062602221	Smart-seq2
7eb7ae3f-01f8-4d61-add9-d7d18b781f2a	Smart-seq2
7f47f77f-5a42-4b6b-8dd8-747704ffcfd6	Smart-seq2
7f4d4bdf-dff8-42e7-827f-e3a4fb004cfe	Smart-seq2
7feb7515-5774-4c5c-a485-62fe96158681	Smart-seq2
8020569f-356b-4f4c-bfca-b4948948b25d	Smart-seq2
808416ae-aa63-40f6-8367-27f63cc3de00	Smart-seq2
80ac4ec8-c08f-44e5-b40d-2d097dea8ea9	Smart-seq2
8234327c-7b6b-47ad-a8e2-86bbc8aafa4c	Smart-seq2
82de8167-205c-482f-86c8-b556ea989ad3	Smart-seq2
8359847f-ee30-4a3e-88aa-411c097297cb	Smart-seq2
837fa548-4e0d-41f7-a6b0-de1121f1c285	Smart-seq2
83c6d82d-56dc-4013-921d-d1ded47db8e5	Smart-seq2
8539b9ab-0d81-4d18-b24e-8ed8caba1575	Smart-seq2
861dbe79-4e84-4749-b3a7-1a7986eda85f	Smart-seq2
86b2a775-42f7-48ef-820c-97f093a7344b	Smart-seq2
875f8f41-3732-41e0-9289-d2905510023a	Smart-seq2
8a919aff-6c35-49f1-aff4-8334d68394e5	Smart-seq2
8c49dfe1-0746-42c2-b9cd-837ec5eabccb	Smart-seq2
8d66abdb-9879-4669-881b-d804bec4aea8	Smart-seq2
8e52f5bc-a2e9-4464-9ddb-179fe6a13208	Smart-seq2
8ee840fb-f1d7-413f-ae12-28b87be0f21e	Smart-seq2
909953a2-a21a-4623-ab05-5ab72b46b9d9	Smart-seq2
923d338f-2dba-4444-bc4f-5cc04712995b	Smart-seq2
9318d136-c27e-428a-95db-3733e0bd17a3	Smart-seq2
93525baf-4630-45c3-b93c-f51b3370b311	Smart-seq2
9353b9d8-4277-48d3-b940-28e407ae602b	Smart-seq2
950039bc-83ef-4c28-942e-194c7df6e5a1	Smart-seq2
9513d85f-7eae-44ad-89fe-30616a9dcc55	Smart-seq2
95f448dd-6553-4052-a023-3f9f827e4368	Smart-seq2
9a61d9b5-da14-4a82-9e7d-90a528c9c4fc	Smart-seq2
9bcb08a5-91be-473b-8034-b6b3347e7eb5	Smart-seq2
9ca11ef5-f211-4999-9778-89b62bdbb9f9	Smart-seq2
9cb4d24f-8abf-4201-96a6-7f714de054c2	Smart-seq2
a18b76fa-da0c-4a80-96ce-f3933dcf4e7f	Smart-seq2
a385cf73-4ccf-4a06-8dd0-e08fb4a0f7ef	Smart-seq2
a4215d5b-2f5a-4fa7-a8bd-870ecceca56c	Smart-seq2
a5694c16-0fed-4d0e-9db6-6cc92a14c715	Smart-seq2
a5acecfd-1854-4580-81d7-8848ec19ad20	Smart-seq2
a5e78ed1-9d74-4e4f-99b0-f7329fcee535	Smart-seq2
aae3ce34-d73f-40c5-981b-2797d3e904f7	Smart-seq2
ab6621f4-d985-4301-b75c-e5b93a620035	Smart-seq2
acfaaaa8-4f87-4b13-8ab5-899f5e0caa12	Smart-seq2
add19c4c-5134-41ff-8264-1f8ada793aad	Smart-seq2
addbdca8-91c1-4422-96f6-e3b62f8d169d	Smart-seq2
ae50fe62-9eef-4103-82eb-6a18e3ba9e70	Smart-seq2
b3519c4d-2f56-494a-ae57-03a6ca69cbfa	Smart-seq2
b3e4eb0c-e686-497d-b410-336071a859f9	Smart-seq2
b4d35ed6-00ba-4fe7-ad5a-c9666865bedb	Smart-seq2
b58d0fb5-3999-49af-83a2-3005e0a1308c	Smart-seq2
b597a8b2-2a94-4587-9a72-0f1c8d0806f9	Smart-seq2
b7395563-5799-44a7-987f-03385b2d7ca9	Smart-seq2
b7c6cd69-d971-45c6-874d-099c7d4f0f8f	Smart-seq2
ba4e2a46-7aad-4192-a43c-ac0256e31752	Smart-seq2
baed5106-3b8a-47de-af5e-0222708c3dbb	Smart-seq2
bb942e75-b92d-4703-8cea-d6819af13bcd	Smart-seq2
bcae5c7c-da5f-47ca-931c-95593a85e8ce	Smart-seq2
bd35858d-0c10-43c0-bb1c-0f71f652e1c1	Smart-seq2
bdb3f4f2-ad78-4d10-879e-29bc673d2ec6	Smart-seq2
be7927b2-f62d-4e16-ba3a-d50b607c0a26	Smart-seq2
c04a0f87-d6f0-4a22-810f-6b1b758dd7bf	Smart-seq2
c1d20edf-2c1f-45f5-96fc-aed60461cb10	Smart-seq2
c1e8c769-56fe-4e3d-ad1f-9e3f25bd1506	Smart-seq2
c347f63e-0d9a-4bb5-bf67-1fc43163a79f	Smart-seq2
c61d2195-b436-4524-a977-e9809d86ff0c	Smart-seq2
c6446bc4-6876-48ee-a5ba-425e1d7683ae	Smart-seq2
c78cee46-977e-4cbf-ab56-3b87f1f60018	Smart-seq2
c851cf46-ebdb-4244-acd6-bd1d7e7708bd	Smart-seq2
ccb96d03-eb66-428f-94ed-12927bab870c	Smart-seq2
cd833534-9433-4660-92c0-35cd8cb5f3b3	Smart-seq2
cda749d5-941c-4762-b932-326347e8eab1	Smart-seq2
ce1f19e4-dbb6-4320-bec8-3d449fd57cd2	Smart-seq2
ce73f019-ab2c-489d-aa65-c50d600bff3a	Smart-seq2
ce96dbfe-3151-4ca3-89a3-19336e65b0fe	Smart-seq2
cfd74446-27b2-43bd-b388-e66800dd8425	Smart-seq2
d10f531e-377d-4b95-883a-e9f8f182bbb6	Smart-seq2
d12a9bf0-d0cf-4175-8ffd-a45ef106c302	Smart-seq2
d1a4fc64-766f-4041-9687-a8a69363260b	Smart-seq2
d404963d-18be-4115-89de-80d204165d06	Smart-seq2
d4107e5a-6ab0-49d7-9953-f094b2cf1ac0	Smart-seq2
d493cc3c-8544-421f-8a2c-f175174471cb	Smart-seq2
d58010ca-b57f-401a-8685-8ae2c656031f	Smart-seq2
d684f264-ceda-4db8-8a36-2a8b7c2db6e6	Smart-seq2
d690e212-434d-4604-a5c6-fee007afa4a3	Smart-seq2
d6c7c37e-0dd6-4191-80b7-734b3070e173	Smart-seq2
d80bdba4-a49f-4861-aaf3-990d6de169c0	Smart-seq2
df1f41da-a609-40e7-aafc-079686f4b5a4	Smart-seq2
df4ebe2c-c52e-4000-8bc6-87a2db16a008	Smart-seq2
e0cd4aff-54e3-430f-8d73-5179653944b9	Smart-seq2
e2751ec3-b40e-4c3f-9945-4b136a1be29d	Smart-seq2
e3f59439-3ace-4139-b6b7-b2d0567f718c	Smart-seq2
e678abfb-f319-4d71-9d19-14ca890fc003	Smart-seq2
e701d9a9-a11d-4298-8cbc-eead5ad35ca5	Smart-seq2
e7445018-dbb7-48f8-810d-5948b0461db7	Smart-seq2
e774ced0-69c5-490b-a8b1-67af4a831574	Smart-seq2
e79682ef-a5cb-41be-926e-c4500ac3055b	Smart-seq2
e80df2ce-ab91-44fc-a5d1-735fae48a897	Smart-seq2
e9cf6e9a-2456-4bea-821c-d381678c5fff	Smart-seq2
eaf7c2fc-bf9c-4128-8102-050fb92af2c0	Smart-seq2
ed56753c-4880-4830-a3ef-434ff0eaedfd	Smart-seq2
efd7cc0c-c556-447b-8ee7-757973247f25	Smart-seq2
f03d284d-0036-454c-be1b-2c501b9aa102	Smart-seq2
f0660a89-6241-42a0-a513-5324214b60f4	Smart-seq2
f1e64faa-0294-46f0-b960-7c6c99eae1f7	Smart-seq2
f24d4ae2-8bdb-4953-b6db-d89406211f73	Smart-seq2
f2cef470-e493-48d5-91d9-225c9b21c297	Smart-seq2
f2ef1aae-07de-431d-84e2-e1fe29ab3f1a	Smart-seq2
f4b4cb83-606c-4350-a214-4fb73b70f077	Smart-seq2
f4e25b7d-5f5b-4457-84e3-b53c3ea9d3ac	Smart-seq2
f4e713fe-5e76-4588-9977-87c1e71edb65	Smart-seq2
f7353fca-d8c6-4cba-8453-060b0751ec86	Smart-seq2
f7c3cd99-b159-45ea-899c-d0c8144816fc	Smart-seq2
f8194759-0f0d-4932-95a2-9f90462c074b	Smart-seq2
fba02f8f-614f-4c7f-ab99-0b44eb9c1d92	Smart-seq2
fcc23ca0-8f44-4cfa-b8b1-77640130c2fe	Smart-seq2
fd321338-f8b0-45c8-a0a2-b0e99d85d4ad	Smart-seq2
fe2d3550-e56a-4728-bfec-6b99c46aabd0	Smart-seq2
01ab4b76-9b22-4ed6-80bf-c57fbe6644a0	Smart-seq2
033fe49f-f0a7-40b9-a67b-0cc43eebc368	Smart-seq2
034b8730-ad74-487e-a7f6-c9f3b80650dc	Smart-seq2
052f0cc2-ffaa-4dde-9e0d-f7570cfe04f8	Smart-seq2
05d5fe05-f9a7-4e9c-b750-6f073c6c7f16	Smart-seq2
06404f85-662a-4679-bed5-c252dcc15e19	Smart-seq2
073cc0e0-9701-423c-b4f5-2b8759ef197d	Smart-seq2
08712de9-cd01-41c6-893e-c97b66863a8c	Smart-seq2
0abb4917-1116-4fe5-b911-61b437863f08	Smart-seq2
0b51353e-e15b-48f8-a847-c318b5eb6ea3	Smart-seq2
0cd2b0f5-1a47-4405-95d2-7ee5d7ba0a6a	Smart-seq2
0d7e0b2c-de2f-44c6-9d05-fd717435c96f	Smart-seq2
0db15e1e-9caf-4faf-9cf9-abfde5da5eb8	Smart-seq2
13cc8f44-084c-431e-af8f-4c1b99fbaaf9	Smart-seq2
14667f12-f6fe-4872-aba8-5b1f62f2b022	Smart-seq2
17325eef-4a94-4f97-a2c8-8a6be6e3bfe6	Smart-seq2
174c37a9-7c8c-40c9-873f-93df80d85175	Smart-seq2
176ed3cc-06d1-484b-85ca-d17e237c5d02	Smart-seq2
18202918-ff2a-4f38-9e5c-e5e7e65a7665	Smart-seq2
18755c6c-ea03-4189-84b8-b7ef29157dc4	Smart-seq2
1911f233-c3c0-4105-80b6-ad74d581e083	Smart-seq2
19803ee6-9422-4eff-9fd2-fbe4d7ec78e9	Smart-seq2
19b59afc-4ed9-47f4-8c8e-1a72d223abd2	Smart-seq2
1b1092d8-430f-47c7-a996-6a0258367a85	Smart-seq2
1ba75599-6a6d-42ca-a31c-388abb701980	Smart-seq2
1d6b1465-0123-49af-ac42-d21ab1ac8969	Smart-seq2
1ea9409d-1cd7-4d9d-b6b8-ff7db68598c1	Smart-seq2
1fad9ea6-8e57-49d7-92bf-d5f166c8de5b	Smart-seq2
1feecc14-e569-4bf4-9875-66787ef11b77	Smart-seq2
20eebfb2-f0d1-4007-8fd9-44766f362bde	Smart-seq2
219a5336-35ec-499c-b062-af9dc84da491	Smart-seq2
21a3861b-a273-4590-a012-9a904cc0ad4c	Smart-seq2
23f56df5-be4d-467d-8cb4-9687cad7f4b9	Smart-seq2
271cdaa2-04ec-4f8b-8463-5afec556aa84	Smart-seq2
27366840-92a7-4c83-aa35-1d15d615c515	Smart-seq2
285b8a5d-a817-4997-a901-635814b2c04c	Smart-seq2
28a6b8f6-e408-426d-9dc5-7a935eb3a7e2	Smart-seq2
2a0ac6f9-19a0-421e-a7fc-3d728a73df73	Smart-seq2
2a7447ff-0c68-4e8d-99a3-603396e42d26	Smart-seq2
2b7002f2-092a-4a0b-b95c-6d34bcca5bff	Smart-seq2
2bab3539-8173-402b-b4b5-dcb3a08aff55	Smart-seq2
2bdaec55-c3cd-4545-bead-68f389744810	Smart-seq2
2c318527-2068-46c2-83a1-dbca8ed554c9	Smart-seq2
2f54a405-ab30-409b-b460-02338686aefc	Smart-seq2
318402bd-19cd-4460-a303-ebeb6a0965bb	Smart-seq2
3207528e-c0d5-43a6-830f-7494b08c9824	Smart-seq2
3215f601-925e-4b6a-9709-85cb4d3f8f30	Smart-seq2
3292f430-ae16-4eb7-916e-dbd339081b1e	Smart-seq2
32d2fd46-cc61-4de0-94ed-089f3d09f77a	Smart-seq2
36df7655-b8ad-4dfc-a871-46afb758a421	Smart-seq2
3775039f-4213-4d74-9d95-e93381a942dd	Smart-seq2
37ba0016-04f2-4c34-a1b9-9f6fb81e5c9c	Smart-seq2
3afab3f4-dfca-4665-a832-7a0c3bc41979	Smart-seq2
3b7aabb1-d40e-4c89-9e07-aa230e293d00	Smart-seq2
3c48966d-9b23-4270-a1ee-1e536df2ebba	Smart-seq2
3d445801-c057-4678-bd25-1368e80fdb1b	Smart-seq2
3dd24224-f7da-4453-811e-1ea2e8e32e42	Smart-seq2
3f21df60-55dc-4497-a23e-e9ad389865d8	Smart-seq2
3f52e757-c284-40cf-874b-6685d387d5e3	Smart-seq2
3f9025f5-a9b9-4988-a118-074a28cfb5c6	Smart-seq2
41296505-909f-4522-89aa-a5da492ea2ce	Smart-seq2
416fe766-2e65-4701-a6b6-9d30ceb20a6c	Smart-seq2
43841b19-0857-407a-bc8d-2947b343814f	Smart-seq2
46d57e9c-e7fc-4653-886d-55288eda5231	Smart-seq2
47584fb4-7c44-4b8b-8767-dd2532122928	Smart-seq2
47fc8178-ed29-4eeb-8020-44f18a931267	Smart-seq2
48423066-83d7-4492-bb52-903c9b5d1614	Smart-seq2
49f74410-83d2-40de-b1bb-644cccd4be45	Smart-seq2
4d0148cb-bc4f-4955-a8c4-cf28a509beef	Smart-seq2
4d44dc0d-edf9-49e4-8908-cd6fa975738e	Smart-seq2
4dafc96d-326e-4971-a9e4-ac8c5877a372	Smart-seq2
4fa7188d-840c-4446-8834-30abd7d8df4a	Smart-seq2
5015931c-821e-47f6-8946-c533bd5c1a41	Smart-seq2
510be3f4-a95a-4904-ad7f-5d2f703c3345	Smart-seq2
51881339-3a0f-4f2d-9ce1-616160fe01bf	Smart-seq2
51faf0e9-880a-4a79-9ec4-33eee6828163	Smart-seq2
54fbf8b8-f9ab-4abb-8452-0a5264bee3c1	Smart-seq2
58f82c3f-9673-4822-b054-3c338151ce4c	Smart-seq2
5915565c-4fdd-468e-bec0-66a628bb8a5e	Smart-seq2
5b25ccf9-0a77-4522-a5aa-70ac0473f520	Smart-seq2
5df74e34-a7a0-4b36-b425-1c90526e04c7	Smart-seq2
6127266d-5868-4e99-845e-a86b7b88cedd	Smart-seq2
612a5c35-e207-4b58-9081-fbf2f8014b99	Smart-seq2
628565c3-622f-4378-952a-c1affe278cab	Smart-seq2
631c510f-1bec-48f3-ad23-c8178bb98c96	Smart-seq2
669bf383-33dd-4f29-972e-cde44afe0006	Smart-seq2
66cbd642-0e10-4d23-b2d7-e3f913a28b24	Smart-seq2
676c80e1-cd2e-4857-b368-f57fae519881	Smart-seq2
69293da1-1599-4bd7-af1a-bf3b0e7af63f	Smart-seq2
69b8b74b-e153-4908-b32f-776d3c724e89	Smart-seq2
69ff4558-feed-401d-957f-c20e9660cd8e	Smart-seq2
6c0e046b-313b-4c80-9036-37e81152a196	Smart-seq2
6fc53016-4abc-4311-9f45-f441d9c5bbdd	Smart-seq2
70964db8-0d1a-422a-81d8-1d89895cace5	Smart-seq2
70ab6c41-ed6c-41fe-ad25-6104f92cef5c	Smart-seq2
7555f86d-5a6b-4251-b4b8-261ad7e66f29	Smart-seq2
76d13877-311f-4771-9bfc-c4d1eab1087d	Smart-seq2
7bca4bb6-467b-429e-836a-c83a24af9c62	Smart-seq2
7bd17153-360e-45f2-952f-49a708c3cef5	Smart-seq2
7c450498-3824-41ca-8bb2-bd7610ceacb0	Smart-seq2
7d2a0250-9f48-44d8-aede-b39d626a6a05	Smart-seq2
8025278c-0e47-46c2-9035-9559c0feac0b	Smart-seq2
812504f8-d27f-40d2-8a68-43fbec38399e	Smart-seq2
8176594f-8cbc-402b-9fd9-12deb25e481e	Smart-seq2
83157ab6-16e9-4d13-a3e6-779b8b19cae6	Smart-seq2
83232ed3-b56a-4c38-b40f-fe5648f809f6	Smart-seq2
83c28c9e-d227-4c72-9a45-9d3a455a3324	Smart-seq2
8405b1a3-8545-478f-91ed-03d863f6ddb9	Smart-seq2
8451a95a-8838-4727-bde2-31102cbfbf95	Smart-seq2
86e7a585-7831-487f-90b5-769908da0e74	Smart-seq2
88f286f0-4201-43b9-8f3f-d822c72d3134	Smart-seq2
89af1e40-27fc-4033-8458-c23f13f8a84c	Smart-seq2
8ad5ff8c-8bf9-4038-b3e9-e9682f0b0a13	Smart-seq2
8bfcaed1-f208-4cd1-8ec6-7046ae4589ae	Smart-seq2
8d8fbb77-26dc-4df1-b7e4-a629519deec8	Smart-seq2
8df09554-2819-4104-bdf4-1543eaf308a4	Smart-seq2
8ebcc59a-efa1-4599-a63f-43b8a58a93ca	Smart-seq2
8efdffdf-9d57-4cd4-933e-72cbd6ed8a42	Smart-seq2
8fd0d504-2f8d-4c63-97ec-65ad9dce0380	Smart-seq2
917581af-e3ad-48c9-9e91-e2316739b1aa	Smart-seq2
91d854ff-6de2-4ad1-bca7-ba37f1f277fb	Smart-seq2
92012c4a-6d00-4591-b074-94fdcc49cec2	Smart-seq2
929cd775-b4c6-4a44-af30-2c34bdcfdc5f	Smart-seq2
929d9ca7-db46-4852-927c-189ef6433b16	Smart-seq2
931e96d7-df18-4630-b2a6-b1c824c26879	Smart-seq2
95f7263e-29f4-4ab3-9cd2-64bd2940a49e	Smart-seq2
9698dedb-7bae-47b2-a584-71f6a731f655	Smart-seq2
97806a4c-79e6-4f7c-868e-893a2f05870b	Smart-seq2
97c2c2d2-ba23-4f78-be47-e3e03efea6c9	Smart-seq2
98519760-0bb3-4e6a-9213-3007b02b4818	Smart-seq2
9969e6c0-90a4-4eee-abc8-2519050dd6fa	Smart-seq2
9b2e96d8-2ad8-4a1c-a497-d355811aaedf	Smart-seq2
9cf37290-a843-4f85-b7b0-5f7bd99304c3	Smart-seq2
9d58fadc-dd5c-47c1-a6bd-f509fcd5feb0	Smart-seq2
9f34b36d-797c-42ef-a23a-1557c3b629ff	Smart-seq2
a02707b8-fa6a-43e1-a66e-0c22f0bc7540	Smart-seq2
a1dab382-5e0a-416d-8bc5-815c5fe2fa13	Smart-seq2
a2275c51-fd2c-45f5-b534-d0ec067d1f67	Smart-seq2
a5081d78-fb5c-4589-a72c-466d3a54a0ca	Smart-seq2
a79680d0-fe45-47dd-b01f-84fb353605e7	Smart-seq2
a7e58505-7767-4a71-bc68-cc464e15a125	Smart-seq2
a8ee43de-ab3c-4cf3-89a1-52aaf36e9a78	Smart-seq2
aadb3fd1-5c67-43ba-b6f6-bbf7d801e770	Smart-seq2
ac0a7467-397d-4209-bc77-91c50c5142ca	Smart-seq2
ac8cf549-1618-4858-891d-1e106fe909b5	Smart-seq2
ae7ff265-cc7c-4573-b0f4-b435059de14a	Smart-seq2
af8905de-745b-438e-8ca1-a7f8e076c48c	Smart-seq2
afaddd94-8f62-4792-9b91-83bb121b09a1	Smart-seq2
b01c3a4b-234c-4ba5-8d86-512a57318641	Smart-seq2
b05e9b7e-2e92-4a0a-b3fc-f33241d7a13e	Smart-seq2
b1d72ade-e46b-4cba-9841-13e06949eea5	Smart-seq2
b27d3dc5-dc1c-460d-bf3a-69ab55fd0b1b	Smart-seq2
b37046df-6707-4a3d-a208-eb64f0e1edfa	Smart-seq2
b4bfb9cd-a08d-41f8-a5ac-01d7dde9666c	Smart-seq2
b4dccb6c-478a-4b56-96e0-8853dc7d123b	Smart-seq2
b55b6037-a1b0-456e-bf3d-6d281f5777a1	Smart-seq2
b62b3979-e02b-4355-ba10-2960d0bf9e52	Smart-seq2
b89a1f61-a910-42a8-903c-3839892e8512	Smart-seq2
b9a8d3f3-c37f-49b1-bbe1-dab3a2bc5931	Smart-seq2
babf64c7-3746-4fd3-9103-8a6e5f171cd3	Smart-seq2
bb1a84c7-44ae-44fc-9787-648886ec02c3	Smart-seq2
bc2388e2-2fca-45d7-b876-6a0bcb1fc6bf	Smart-seq2
bd84f9ae-3310-48b9-bb65-06c281ee0498	Smart-seq2
be69c475-c505-45e2-99b3-51ed8a83c220	Smart-seq2
c09184cd-60aa-411f-a0b5-0a1ece2657ed	Smart-seq2
c2ab8188-50cc-4352-b632-6b2493a457f3	Smart-seq2
c57df875-cb00-49e1-89cf-2992a91e0b90	Smart-seq2
c5fb0f06-d49b-4090-bb89-5edf7252f14c	Smart-seq2
c6341c33-d711-46b8-9223-b2dd75b1926d	Smart-seq2
c641507b-14dc-4c54-afda-5729cd8f25f9	Smart-seq2
c69b74b9-cfec-4361-8654-9eaf9e1e0e96	Smart-seq2
c718b36b-4053-4ec4-8c26-e7f9ec23c5e9	Smart-seq2
cac382af-1ee2-4a64-be1f-f17a61e7262f	Smart-seq2
cbbf25b5-31d4-4f2b-950b-8b57403e794f	Smart-seq2
cffbd749-0075-4b87-a9ea-490e8854a8f2	Smart-seq2
cffd31b1-0420-42a1-a54a-3fcd39ce136c	Smart-seq2
d10cddf6-fc65-49fe-ad75-c5b435a5e97a	Smart-seq2
d1dfe7b9-7026-4da2-a837-7b52f026de12	Smart-seq2
d4881cfe-3006-4b62-b6cd-4ad57c0c5921	Smart-seq2
d598f8f3-7308-4f7a-a115-6d2c8a4e0e6a	Smart-seq2
d69c5abd-483b-4051-bbb1-fe75f7933170	Smart-seq2
d70b95c3-1d2d-465f-a56a-254ec07ace1c	Smart-seq2
d7c50d7f-0f1d-4ab1-9f96-aca48dbe2b22	Smart-seq2
d93a3e30-8a06-4f71-9eaa-46c07aa05ed1	Smart-seq2
d988949a-ff84-4cb6-9fcd-424c2fa2b340	Smart-seq2
dbd69b4c-dc51-4ce2-bcdc-3023e08ebb17	Smart-seq2
dbde8a54-9b78-4694-ad5f-a0ea92cccbbe	Smart-seq2
de5cd100-4d34-4495-91f5-cbbce640f2bc	Smart-seq2
dfa44673-eb4c-4568-a179-c94f45ba27a6	Smart-seq2
e320ef29-fe6e-4837-b5f6-24de8160552c	Smart-seq2
e35b4b4f-71a9-4f31-a81a-9a61aafffcf9	Smart-seq2
e42e097f-809a-4219-908d-f3d3cd82cc17	Smart-seq2
e4cccc50-4d3b-4ce9-9853-8d6642d347ee	Smart-seq2
e616490b-f996-4891-b6e9-b5f3cde6e967	Smart-seq2
e74eaf20-33d5-4ee7-8b47-f1897fe3397f	Smart-seq2
e7fa1782-ba7c-4879-9754-024e106b0ddf	Smart-seq2
e9172672-ec4b-42c7-a897-97fd454a7290	Smart-seq2
ec024a5b-5df8-4c02-bcd3-4a14c5a588e7	Smart-seq2
ec8875c6-524e-4c10-b338-2b1f660de504	Smart-seq2
ecc56f54-3307-456b-9574-d9503b267769	Smart-seq2
ecf4ed40-95f6-43f6-9225-e5a4dc477022	Smart-seq2
ed50efaf-0e70-4866-9c6a-3003b8ce66af	Smart-seq2
ed731ccd-ad46-4a81-a66a-de48bcaae0ae	Smart-seq2
efb23655-ec5b-4617-a481-7fba9421ca59	Smart-seq2
f0045972-7e5b-4c1a-87a8-86aac4d6673b	Smart-seq2
f0d89b9f-815e-49d0-99af-48fc1e66fbd1	Smart-seq2
f19d6cbd-e153-436f-9ae1-b445543e7f3d	Smart-seq2
f213eb99-6dc4-491d-af4b-d0433b305d84	Smart-seq2
f4d8fb7f-c2ea-48a0-b63c-3402653746be	Smart-seq2
f67ff4d2-bd16-48d6-8a10-43ecff527695	Smart-seq2
f8cb6e50-126a-42f2-b0a0-290ee4c5fa1a	Smart-seq2
f9e33173-7dc0-4a40-a6d4-ac86a0ca9ee5	Smart-seq2
fbe1b154-ffd4-4900-b563-92ecaebe7657	Smart-seq2
fd997836-8d5c-4843-8625-d6e30d115663	Smart-seq2
fe0c68bc-bf53-4d6e-9d39-55f7d04add8e	Smart-seq2
ff2b6991-95b3-46e7-b40a-a6c668e2eadd	Smart-seq2
